Timestamp,still01-bf-pid.DV01-LIT4003-level => (Aggregate=TimeAverage2),still01-bf-pid.CV01-plp4000a.cmdspd-hz => (Aggregate=TimeAverage2),still01-bf-pid.SP-pmp4000a.sp-% => (Aggregate=TimeAverage2),still01-bf-pid.PV01-fit4008.volumeflow => (Aggregate=TimeAverage2)
7/14/2025 2:10:24 PM,36.8626011668,49.018562,70.55,83.183771808
7/14/2025 2:10:29 PM,36.848206,48.990034,70.55,81.8844135504
7/14/2025 2:10:34 PM,36.848206,48.944928,70.55,81.20485336
7/14/2025 2:10:39 PM,36.848206,48.823678,70.55,82.8333028492
7/14/2025 2:10:44 PM,36.848206,48.894,70.55,83.0212749776
7/14/2025 2:10:49 PM,36.848206,48.816014,70.55,82.9213443344
7/14/2025 2:10:54 PM,36.848206,48.73402,70.55,82.5293118848
7/14/2025 2:10:59 PM,36.848206,48.865182,70.55,82.90147254
7/14/2025 2:11:04 PM,36.8164046008,48.745392,70.55,83.016446422
7/14/2025 2:11:09 PM,36.73709,48.790364,70.55,82.532131198
7/14/2025 2:11:14 PM,36.73709,48.69968,70.55,83.13039767
7/14/2025 2:11:19 PM,36.73709,48.716798,70.55,83.650422176
7/14/2025 2:11:24 PM,36.73709,48.73738,70.55,83.489625198
7/14/2025 2:11:29 PM,36.73709,48.724588,70.55,83.942741446
7/14/2025 2:11:34 PM,36.73709,48.64234,70.55,83.96281591
7/14/2025 2:11:39 PM,36.73709,48.55578,70.55,83.323804104
7/14/2025 2:11:44 PM,36.6929997352,48.66912,70.55,83.97061854
7/14/2025 2:11:49 PM,36.580963,48.72588,70.55,83.978903136
7/14/2025 2:11:54 PM,36.580963,48.839078,70.55,83.37258767
7/14/2025 2:11:59 PM,36.5580155176,48.82902,70.55,83.512811796
7/14/2025 2:12:04 PM,36.55491,48.920458,70.55,82.8589682904
7/14/2025 2:12:09 PM,36.5293876064,49.001506,70.55,82.5384858676
7/14/2025 2:12:14 PM,36.501694,48.769108,70.55,83.2405346
7/14/2025 2:12:19 PM,36.5048780464,48.843864,70.55,83.053122378
7/14/2025 2:12:24 PM,36.505318,48.8187,70.55,83.539967084
7/14/2025 2:12:29 PM,36.4419753376,48.904538,70.55,83.49456549
7/14/2025 2:12:34 PM,36.433075,48.77,70.55,83.1753065984
7/14/2025 2:12:39 PM,36.433075,48.975574,70.55,81.8938453232
7/14/2025 2:12:44 PM,36.433075,49.015182,70.55,82.94884226
7/14/2025 2:12:49 PM,36.3729291604,49.007512,70.55,83.1090756624
7/14/2025 2:12:54 PM,36.364384,48.890052,70.55,82.23287496
7/14/2025 2:12:59 PM,36.364384,48.79174,70.55,82.480977712
7/14/2025 2:13:04 PM,36.364384,48.746506,70.55,82.4603637208
7/14/2025 2:13:09 PM,36.364384,48.908118,70.55,82.7718403648
7/14/2025 2:13:14 PM,36.364384,48.807592,70.55,83.184888865
7/14/2025 2:13:19 PM,36.364384,48.804504,70.55,82.84951073
7/14/2025 2:13:24 PM,36.364384,48.9889,70.55,83.1608096
7/14/2025 2:13:29 PM,36.364384,48.848912,70.55,82.868849484
7/14/2025 2:13:34 PM,36.364384,48.821888,70.55,82.832634563
7/14/2025 2:13:39 PM,36.2847568616,48.58912,70.55,82.92708088
7/14/2025 2:13:44 PM,36.194748,48.739884,70.55,83.3669661904
7/14/2025 2:13:49 PM,36.194748,48.859408,70.55,83.64610808
7/14/2025 2:13:54 PM,36.194748,48.678268,70.55,82.0136059712
7/14/2025 2:13:59 PM,36.194748,48.643312,70.55,82.058728524
7/14/2025 2:14:04 PM,36.194748,48.672662,70.55,84.439148224
7/14/2025 2:14:09 PM,36.194748,48.695454,70.55,83.74249481
7/14/2025 2:14:14 PM,36.194748,48.70411,70.55,82.505728526
7/14/2025 2:14:19 PM,36.194748,48.623792,70.55,82.0933933
7/14/2025 2:14:24 PM,36.194748,48.657838,70.55,82.87767308
7/14/2025 2:14:29 PM,36.194748,48.693536,70.55,82.51675
7/14/2025 2:14:34 PM,36.194748,48.629644,70.55,83.2610732816
7/14/2025 2:14:39 PM,36.194748,48.783334,70.55,82.726364
7/14/2025 2:14:44 PM,36.194748,48.869048,70.55,82.9489133476
7/14/2025 2:14:49 PM,36.194748,48.942392,70.55,82.90366
7/14/2025 2:14:54 PM,36.194748,48.945568,70.55,82.317410794
7/14/2025 2:14:59 PM,36.0622302144,48.983664,70.55,82.66118
7/14/2025 2:15:04 PM,35.907166,49.040424,70.55,83.452031852
7/14/2025 2:15:09 PM,35.89209106,48.876758,70.55,83.3495564
7/14/2025 2:15:14 PM,35.889637,48.877204,70.55,82.786050846
7/14/2025 2:15:19 PM,35.889637,48.921426,70.55,82.798581774
7/14/2025 2:15:24 PM,35.889637,48.837942,70.55,82.82681072
7/14/2025 2:15:29 PM,35.844555656,48.8604,70.55,83.57165488
7/14/2025 2:15:34 PM,35.791077,49.049092,70.55,82.734400996
7/14/2025 2:15:39 PM,35.791077,49.026552,70.55,82.6039294856
7/14/2025 2:15:44 PM,35.791077,49.119286,70.55,82.793527568
7/14/2025 2:15:49 PM,35.7717772308,48.98137,70.55,82.743106496
7/14/2025 2:15:54 PM,35.76852,48.859292,70.55,82.81849524
7/14/2025 2:15:59 PM,35.7367695024,48.872326,70.55,83.424367856
7/14/2025 2:16:04 PM,35.698708,48.817268,70.55,82.00994738
7/14/2025 2:16:09 PM,35.698708,48.896936,70.55,81.766601946
7/14/2025 2:16:14 PM,35.698708,48.945692,70.55,81.940579416
7/14/2025 2:16:19 PM,35.628978662,49.168132,70.55,83.6680964264
7/14/2025 2:16:24 PM,35.616962,49.2088,70.55,83.70440881
7/14/2025 2:16:29 PM,35.6020211328,49.217942,70.55,83.1731008748
7/14/2025 2:16:34 PM,35.599434,49.0629,70.55,81.967760572
7/14/2025 2:16:39 PM,35.599434,49.123148,70.55,82.639106352
7/14/2025 2:16:44 PM,35.599434,49.0762,70.55,83.37335616
7/14/2025 2:16:49 PM,35.5946612896,49.08078,70.55,82.485579948
7/14/2025 2:16:54 PM,35.50321,48.99805,70.55,83.091198216
7/14/2025 2:16:59 PM,35.50321,49.103862,70.55,82.3659252
7/14/2025 2:17:04 PM,35.50321,48.91002,70.55,82.672195934
7/14/2025 2:17:09 PM,35.47970968,49.08261,70.55,83.25884
7/14/2025 2:17:14 PM,35.47553,49.044238,70.55,83.056507089
7/14/2025 2:17:19 PM,35.4612923898,48.891368,70.55,83.773705
7/14/2025 2:17:24 PM,35.443707,48.825018,70.55,83.074633905
7/14/2025 2:17:29 PM,35.4230894366,48.835004,70.55,82.28833
7/14/2025 2:17:34 PM,35.3975,48.949632,70.55,83.1025158392
7/14/2025 2:17:39 PM,35.3975,48.890162,70.55,83.31731
7/14/2025 2:17:44 PM,35.370810064,49.031876,70.55,84.773946358
7/14/2025 2:17:49 PM,35.354166376,48.972688,70.55,84.56826
7/14/2025 2:17:54 PM,35.31311,48.88294,70.55,84.027397006
7/14/2025 2:17:59 PM,35.30431751,48.688694,70.55,84.39675
7/14/2025 2:18:04 PM,35.30268,48.683192,70.55,84.521632614
7/14/2025 2:18:09 PM,35.27225854,48.845802,70.55,83.50459
7/14/2025 2:18:14 PM,35.2541282,49.01426,70.55,83.3878911328
7/14/2025 2:18:19 PM,35.21505,49.044616,70.55,83.050514
7/14/2025 2:18:24 PM,35.21505,49.085282,70.55,83.2411698388
7/14/2025 2:18:29 PM,35.1974105016,48.937618,70.55,83.46231
7/14/2025 2:18:34 PM,35.1719732384,49.093104,70.55,83.204471236
7/14/2025 2:18:39 PM,35.16251,49.082316,70.55,83.55922
7/14/2025 2:18:44 PM,35.16251,49.145502,70.55,82.139034316
7/14/2025 2:18:49 PM,35.16251,49.246288,70.55,84.05041
7/14/2025 2:18:54 PM,35.16251,49.160216,70.55,82.19590978
7/14/2025 2:18:59 PM,35.16251,49.393564,70.55,81.55045
7/14/2025 2:19:04 PM,35.1385623474,49.327342,70.55,83.482175222
7/14/2025 2:19:09 PM,35.060257,49.289838,70.55,83.12792
7/14/2025 2:19:14 PM,35.060257,49.254578,70.55,82.5208726376
7/14/2025 2:19:19 PM,35.058997253,49.242302,70.55,82.66118
7/14/2025 2:19:24 PM,35.01962,49.358594,70.55,83.0194855712
7/14/2025 2:19:29 PM,35.0082430784,49.43977,70.55,83.852104
7/14/2025 2:19:34 PM,34.9866195952,49.378364,70.55,82.9139159308
7/14/2025 2:19:39 PM,34.964817,49.465896,70.55,83.33736
7/14/2025 2:19:44 PM,34.964817,49.427024,70.55,81.930514614
7/14/2025 2:19:49 PM,34.964817,49.57451,70.55,81.78429
7/14/2025 2:19:54 PM,34.9188773152,49.503582,70.55,82.491206385
7/14/2025 2:19:59 PM,34.891384,49.32216,70.55,84.01936
7/14/2025 2:20:04 PM,34.891384,49.180912,70.55,83.839565128
7/14/2025 2:20:09 PM,34.8665565488,49.198092,70.55,82.2898
7/14/2025 2:20:14 PM,34.832718,49.311464,70.55,84.752765478
7/14/2025 2:20:19 PM,34.832718,49.2223,70.55,84.88863
7/14/2025 2:20:24 PM,34.832718,49.04356,70.55,83.840519416
7/14/2025 2:20:29 PM,34.7872929372,49.106228,70.55,83.53877
7/14/2025 2:20:34 PM,34.777416,49.175368,70.55,83.7201607688
7/14/2025 2:20:39 PM,34.777416,49.07236,70.55,84.46404
7/14/2025 2:20:44 PM,34.777416,48.93741,70.55,82.51323725
7/14/2025 2:20:49 PM,34.777416,49.001078,70.55,82.32749
7/14/2025 2:20:54 PM,34.777416,49.125262,70.55,84.430376155
7/14/2025 2:20:59 PM,34.7325462,49.190282,70.55,83.651215
7/14/2025 2:21:04 PM,34.669296,49.222458,70.55,83.189661682
7/14/2025 2:21:09 PM,34.669296,49.195038,70.55,82.78801
7/14/2025 2:21:14 PM,34.669296,49.122014,70.55,83.303751101
7/14/2025 2:21:19 PM,34.669296,49.104936,70.55,83.011556808
7/14/2025 2:21:24 PM,34.669296,49.244116,70.55,83.684696904
7/14/2025 2:21:29 PM,34.669296,49.286194,70.55,84.136175988
7/14/2025 2:21:34 PM,34.669296,49.34626,70.55,82.7415840144
7/14/2025 2:21:39 PM,34.6680868476,49.472298,70.55,82.8270706272
7/14/2025 2:21:44 PM,34.510197,49.194582,70.55,83.233671944
7/14/2025 2:21:49 PM,34.510197,49.375966,70.55,82.612895486
7/14/2025 2:21:54 PM,34.500323802,49.358128,70.55,83.17537984
7/14/2025 2:21:59 PM,34.462082,49.398756,70.55,82.865739572
7/14/2025 2:22:04 PM,34.462082,49.188406,70.55,82.281804885
7/14/2025 2:22:09 PM,34.462082,49.496312,70.55,82.09254816
7/14/2025 2:22:14 PM,34.462082,49.42928,70.55,83.591448396
7/14/2025 2:22:19 PM,34.4403522056,49.446608,70.55,84.090232904
7/14/2025 2:22:24 PM,34.40792,49.350084,70.55,84.458862168
7/14/2025 2:22:29 PM,34.352308208,49.200266,70.55,83.71000888
7/14/2025 2:22:34 PM,34.33844,49.222596,70.55,83.884238712
7/14/2025 2:22:39 PM,34.33844,49.392048,70.55,82.9329808
7/14/2025 2:22:44 PM,34.33844,49.342638,70.55,82.872362268
7/14/2025 2:22:49 PM,34.33844,49.372048,70.55,83.26638704
7/14/2025 2:22:54 PM,34.28764163,49.246932,70.55,82.291954655
7/14/2025 2:22:59 PM,34.253265,49.453468,70.55,83.094628518
7/14/2025 2:23:04 PM,34.253265,49.41848,70.55,83.134120383
7/14/2025 2:23:09 PM,34.234983795,49.284286,70.55,82.886781648
7/14/2025 2:23:14 PM,34.20651,49.39866,70.55,82.1595668352
7/14/2025 2:23:19 PM,34.20651,49.221536,70.55,83.5117539648
7/14/2025 2:23:24 PM,34.20651,49.31922,70.55,83.606481138
7/14/2025 2:23:29 PM,34.20651,49.292648,70.55,83.60897549
7/14/2025 2:23:34 PM,34.137018692,49.258286,70.55,82.941604048
7/14/2025 2:23:39 PM,34.136032,49.2451,70.55,82.57404659
7/14/2025 2:23:44 PM,34.136032,49.518588,70.55,83.1778031952
7/14/2025 2:23:49 PM,34.136032,49.575744,70.55,83.9385454464
7/14/2025 2:23:54 PM,34.136032,49.30436,70.55,83.805390456
7/14/2025 2:23:59 PM,34.136032,49.131026,70.55,83.5837584
7/14/2025 2:24:04 PM,34.136032,49.333216,70.55,83.86053893
7/14/2025 2:24:09 PM,34.136032,49.329968,70.55,83.960732
7/14/2025 2:24:14 PM,34.0079624448,49.372364,70.55,83.423011943
7/14/2025 2:24:19 PM,33.999264,49.390942,70.55,83.561671604
7/14/2025 2:24:24 PM,33.999264,49.461028,70.55,83.682132164
7/14/2025 2:24:29 PM,33.9629805252,49.580076,70.55,83.601685268
7/14/2025 2:24:34 PM,33.949818,49.645916,70.55,82.9147410368
7/14/2025 2:24:39 PM,33.949818,49.694832,70.55,82.4191075
7/14/2025 2:24:44 PM,33.937946184,49.572194,70.55,83.2423032576
7/14/2025 2:24:49 PM,33.85988,49.591232,70.55,84.090672034
7/14/2025 2:24:54 PM,33.85988,49.745986,70.55,83.024498432
7/14/2025 2:24:59 PM,33.85988,49.742552,70.55,81.3118744
7/14/2025 2:25:04 PM,33.85988,49.523276,70.55,82.626349937
7/14/2025 2:25:09 PM,33.85988,49.52602,70.55,84.614976536
7/14/2025 2:25:14 PM,33.85988,49.62321,70.55,83.661388284
7/14/2025 2:25:19 PM,33.828163874,49.599458,70.55,82.990890696
7/14/2025 2:25:24 PM,33.76277,49.558404,70.55,83.275729714
7/14/2025 2:25:29 PM,33.76277,49.4978,70.55,82.47567693
7/14/2025 2:25:34 PM,33.76277,49.5713,70.55,82.2347350768
7/14/2025 2:25:39 PM,33.7070431878,49.593638,70.55,82.4435037256
7/14/2025 2:25:44 PM,33.685863,49.510326,70.55,83.467826698
7/14/2025 2:25:49 PM,33.685863,49.678896,70.55,83.5999225
7/14/2025 2:25:54 PM,33.666405831,49.517298,70.55,84.57535375
7/14/2025 2:25:59 PM,33.64866,49.506188,70.55,83.004798134
7/14/2025 2:26:04 PM,33.64866,49.528844,70.55,82.20443101
7/14/2025 2:26:09 PM,33.64866,49.423222,70.55,83.31934542
7/14/2025 2:26:14 PM,33.64866,49.437152,70.55,82.31585221
7/14/2025 2:26:19 PM,33.64866,49.310696,70.55,82.847914426
7/14/2025 2:26:24 PM,33.5843913472,49.332876,70.55,83.49615448
7/14/2025 2:26:29 PM,33.524876,49.243268,70.55,82.600017928
7/14/2025 2:26:34 PM,33.524876,49.165724,70.55,83.522624675
7/14/2025 2:26:39 PM,33.524876,49.333048,70.55,82.996938636
7/14/2025 2:26:44 PM,33.524876,49.24025,70.55,82.43135494
7/14/2025 2:26:49 PM,33.524876,49.096562,70.55,83.238678112
7/14/2025 2:26:54 PM,33.442510688,49.15884,70.55,83.07000913
7/14/2025 2:26:59 PM,33.435036,49.289486,70.55,83.110432714
7/14/2025 2:27:04 PM,33.435036,49.07303,70.55,83.20827
7/14/2025 2:27:09 PM,33.435036,49.05388,70.55,82.613572572
7/14/2025 2:27:14 PM,33.435036,49.198746,70.55,83.04819
7/14/2025 2:27:19 PM,33.435036,49.20529,70.55,82.199729854
7/14/2025 2:27:24 PM,33.435036,49.279266,70.55,81.1339
7/14/2025 2:27:29 PM,33.435036,49.184272,70.55,81.018128548
7/14/2025 2:27:34 PM,33.435036,49.45607,70.55,80.86697
7/14/2025 2:27:39 PM,33.3864818892,49.42176,70.55,83.2850180192
7/14/2025 2:27:44 PM,33.279114,49.491472,70.55,81.655174
7/14/2025 2:27:49 PM,33.279114,49.48554,70.55,82.5991040824
7/14/2025 2:27:54 PM,33.279114,49.575686,70.55,83.74233
7/14/2025 2:27:59 PM,33.279114,49.54137,70.55,82.162160812
7/14/2025 2:28:04 PM,33.192458112,49.504666,70.55,82.16647
7/14/2025 2:28:09 PM,33.1833727658,49.412,70.55,83.680319768
7/14/2025 2:28:14 PM,33.183247,49.466236,70.55,83.432474239
7/14/2025 2:28:19 PM,33.183247,49.604084,70.55,82.95623378
7/14/2025 2:28:24 PM,33.183247,49.664512,70.55,83.376313292
7/14/2025 2:28:29 PM,33.1191474736,49.54772,70.55,83.3254404044
7/14/2025 2:28:34 PM,33.0907395948,49.604848,70.55,82.972870264
7/14/2025 2:28:39 PM,33.07647,49.806358,70.55,82.637432135
7/14/2025 2:28:44 PM,33.0709442592,49.71423,70.55,83.202171167
7/14/2025 2:28:49 PM,33.022926,49.751322,70.55,82.6820642
7/14/2025 2:28:54 PM,33.022926,49.681152,70.55,83.465698744
7/14/2025 2:28:59 PM,33.007638562,49.609072,70.55,83.299185541
7/14/2025 2:29:04 PM,32.9964044736,49.545648,70.55,82.49543884
7/14/2025 2:29:09 PM,32.954544,49.520966,70.55,82.016727344
7/14/2025 2:29:14 PM,32.954544,49.60471,70.55,83.332445456
7/14/2025 2:29:19 PM,32.954544,49.557,70.55,83.121206
7/14/2025 2:29:24 PM,32.954544,49.523018,70.55,84.862943901
7/14/2025 2:29:29 PM,32.954544,49.26096,70.55,84.349544048
7/14/2025 2:29:34 PM,32.954544,49.329388,70.55,83.827027194
7/14/2025 2:29:39 PM,32.890818694,49.267742,70.55,83.570188196
7/14/2025 2:29:44 PM,32.863247,49.213028,70.55,83.448237064
7/14/2025 2:29:49 PM,32.863247,49.143248,70.55,83.655489988
7/14/2025 2:29:54 PM,32.826866606,49.380232,70.55,84.003208564
7/14/2025 2:29:59 PM,32.822662,49.200696,70.55,84.8692716
7/14/2025 2:30:04 PM,32.822662,49.27742,70.55,83.87702384
7/14/2025 2:30:09 PM,32.822662,49.096058,70.55,83.692278234
7/14/2025 2:30:14 PM,32.822662,49.209442,70.55,83.5733435336
7/14/2025 2:30:19 PM,32.7676650688,49.087908,70.55,83.978689364
7/14/2025 2:30:24 PM,32.74337,49.160936,70.55,82.791403172
7/14/2025 2:30:29 PM,32.717455265,49.409138,70.55,82.637159921
7/14/2025 2:30:34 PM,32.705975,49.415816,70.55,83.9769621902
7/14/2025 2:30:39 PM,32.6676755752,49.430178,70.55,83.477424407
7/14/2025 2:30:44 PM,32.650597,49.407032,70.55,83.764504801
7/14/2025 2:30:49 PM,32.650597,49.38829,70.55,82.86305114
7/14/2025 2:30:54 PM,32.650597,49.433142,70.55,82.663446168
7/14/2025 2:30:59 PM,32.6297953936,49.56954,70.55,82.081287616
7/14/2025 2:31:04 PM,32.577145,49.625562,70.55,82.416626012
7/14/2025 2:31:09 PM,32.562178659,49.695792,70.55,81.81579536
7/14/2025 2:31:14 PM,32.523884,49.546768,70.55,82.912673568
7/14/2025 2:31:19 PM,32.523884,49.438668,70.55,83.235618564
7/14/2025 2:31:24 PM,32.523884,49.432678,70.55,83.31969216
7/14/2025 2:31:29 PM,32.523884,49.708062,70.55,81.84840698
7/14/2025 2:31:34 PM,32.5172400498,49.758,70.55,83.965483044
7/14/2025 2:31:39 PM,32.438923,49.88104,70.55,83.57827776
7/14/2025 2:31:44 PM,32.438923,49.662432,70.55,82.1512496016
7/14/2025 2:31:49 PM,32.438923,49.838064,70.55,81.851183068
7/14/2025 2:31:54 PM,32.3801326832,49.839708,70.55,83.929857344
7/14/2025 2:31:59 PM,32.371872,49.743474,70.55,84.3056776232
7/14/2025 2:32:04 PM,32.3538401016,49.62701,70.55,83.700090122
7/14/2025 2:32:09 PM,32.334776125,49.672706,70.55,83.443546766
7/14/2025 2:32:14 PM,32.3344676308,49.571686,70.55,83.301583972
7/14/2025 2:32:19 PM,32.303707,49.582942,70.55,82.86616044
7/14/2025 2:32:24 PM,32.303707,49.436552,70.55,82.964921056
7/14/2025 2:32:29 PM,32.303707,49.45556,70.55,83.809075874
7/14/2025 2:32:34 PM,32.303707,49.436568,70.55,82.810430208
7/14/2025 2:32:39 PM,32.2448273224,49.407964,70.55,82.184919824
7/14/2025 2:32:44 PM,32.2151244116,49.43948,70.55,82.5361748
7/14/2025 2:32:49 PM,32.203598,49.42051,70.55,83.87084131
7/14/2025 2:32:54 PM,32.203598,49.29216,70.55,82.345294376
7/14/2025 2:32:59 PM,32.203598,49.318296,70.55,82.241393125
7/14/2025 2:33:04 PM,32.203598,49.279892,70.55,84.77043733
7/14/2025 2:33:09 PM,32.203598,49.351042,70.55,83.89783814
7/14/2025 2:33:14 PM,32.203598,49.330798,70.55,83.60487824
7/14/2025 2:33:19 PM,32.203598,49.343492,70.55,83.26274974
7/14/2025 2:33:24 PM,32.203598,49.34261,70.55,81.93759942
7/14/2025 2:33:29 PM,32.203598,49.422962,70.55,81.672738496
7/14/2025 2:33:34 PM,32.192338608,49.320002,70.55,83.9028123448
7/14/2025 2:33:39 PM,32.02767,49.288314,70.55,83.6990555824
7/14/2025 2:33:44 PM,32.02767,49.262134,70.55,83.9289868576
7/14/2025 2:33:49 PM,32.02767,49.425546,70.55,82.529631168
7/14/2025 2:33:54 PM,31.992412832,49.44476,70.55,83.048637807
7/14/2025 2:33:59 PM,31.95079,49.521226,70.55,83.826449471
7/14/2025 2:34:04 PM,31.95079,49.54726,70.55,84.144131952
7/14/2025 2:34:09 PM,31.95079,49.632622,70.55,83.344594742
7/14/2025 2:34:14 PM,31.8995293216,49.637682,70.55,83.28745862
7/14/2025 2:34:19 PM,31.890934,49.643242,70.55,82.266656459
7/14/2025 2:34:24 PM,31.869762164,49.715038,70.55,82.14971435
7/14/2025 2:34:29 PM,31.8443,49.696986,70.55,83.330974836
7/14/2025 2:34:34 PM,31.8443,49.736106,70.55,83.2616619356
7/14/2025 2:34:39 PM,31.832483552,49.775328,70.55,83.00960824
7/14/2025 2:34:44 PM,31.79726,49.677734,70.55,83.339397496
7/14/2025 2:34:49 PM,31.79726,49.694172,70.55,83.0692009184
7/14/2025 2:34:54 PM,31.79726,49.746712,70.55,82.4219325928
7/14/2025 2:34:59 PM,31.79726,49.839172,70.55,82.485657894
7/14/2025 2:35:04 PM,31.79726,49.860754,70.55,83.53312368
7/14/2025 2:35:09 PM,31.79726,49.881668,70.55,83.0509940292
7/14/2025 2:35:14 PM,31.79726,49.964998,70.55,82.9881482404
7/14/2025 2:35:19 PM,31.79726,49.91537,70.55,82.850039431
7/14/2025 2:35:24 PM,31.79726,49.808428,70.55,83.587477708
7/14/2025 2:35:29 PM,31.79726,49.8082,70.55,82.471442474
7/14/2025 2:35:34 PM,31.79726,49.77157,70.55,82.236147805
7/14/2025 2:35:39 PM,31.79726,49.511972,70.55,82.207454947
7/14/2025 2:35:44 PM,31.7874985588,49.563732,70.55,82.676020082
7/14/2025 2:35:49 PM,31.572342,49.545616,70.55,83.05839805
7/14/2025 2:35:54 PM,31.572342,49.609326,70.55,81.630520864
7/14/2025 2:35:59 PM,31.5604289086,49.658342,70.55,82.0805136064
7/14/2025 2:36:04 PM,31.523155,49.482918,70.55,82.53960001
7/14/2025 2:36:09 PM,31.523155,49.484854,70.55,82.1518379
7/14/2025 2:36:14 PM,31.523155,49.46084,70.55,82.394848864
7/14/2025 2:36:19 PM,31.523155,49.410942,70.55,82.606630042
7/14/2025 2:36:24 PM,31.523155,49.702376,70.55,82.088361908
7/14/2025 2:36:29 PM,31.523155,49.668348,70.55,81.943808078
7/14/2025 2:36:34 PM,31.523155,49.557654,70.55,82.96359158
7/14/2025 2:36:39 PM,31.523155,49.469916,70.55,83.684314708
7/14/2025 2:36:44 PM,31.46014753,49.574054,70.55,83.494196275
7/14/2025 2:36:49 PM,31.379105,49.672648,70.55,84.134575406
7/14/2025 2:36:54 PM,31.3592588372,49.74538,70.55,84.159393158
7/14/2025 2:36:59 PM,31.333628,49.802652,70.55,83.0796080144
7/14/2025 2:37:04 PM,31.333628,49.743412,70.55,82.842394528
7/14/2025 2:37:09 PM,31.333628,49.678042,70.55,82.7871003448
7/14/2025 2:37:14 PM,31.333628,49.633436,70.55,82.1082606192
7/14/2025 2:37:19 PM,31.333628,49.749286,70.55,82.155244622
7/14/2025 2:37:24 PM,31.329836366,49.83956,70.55,82.0721152
7/14/2025 2:37:29 PM,31.21873,49.648692,70.55,82.45660088
7/14/2025 2:37:34 PM,31.21873,49.772952,70.55,82.661043168
7/14/2025 2:37:39 PM,31.188871574,49.732742,70.55,82.385737914
7/14/2025 2:37:44 PM,31.171215,49.845468,70.55,82.1383992
7/14/2025 2:37:49 PM,31.171215,49.814536,70.55,82.738279146
7/14/2025 2:37:54 PM,31.171215,49.773306,70.55,83.794142488
7/14/2025 2:37:59 PM,31.171215,49.634572,70.55,83.5114916984
7/14/2025 2:38:04 PM,31.171215,49.76237,70.55,83.60791303
7/14/2025 2:38:09 PM,31.171215,49.732308,70.55,83.615635125
7/14/2025 2:38:14 PM,31.171215,49.737796,70.55,84.591948429
7/14/2025 2:38:19 PM,31.171215,49.847552,70.55,83.3351508512
7/14/2025 2:38:24 PM,31.171215,49.872564,70.55,81.8810203952
7/14/2025 2:38:29 PM,31.171215,49.932252,70.55,82.58025946
7/14/2025 2:38:34 PM,31.171215,49.791632,70.55,82.39832402
7/14/2025 2:38:39 PM,31.171215,49.870442,70.55,82.37836991
7/14/2025 2:38:44 PM,31.0748052684,49.770762,70.55,83.5758428084
7/14/2025 2:38:49 PM,30.942322,50.050012,70.55,83.8165656166
7/14/2025 2:38:54 PM,30.942322,49.908422,70.55,83.061641464
7/14/2025 2:38:59 PM,30.942322,49.899484,70.55,81.979208075
7/14/2025 2:39:04 PM,30.942322,49.822712,70.55,82.346766845
7/14/2025 2:39:09 PM,30.942322,49.69818,70.55,82.857167227
7/14/2025 2:39:14 PM,30.940648877,49.682086,70.55,82.592155
7/14/2025 2:39:19 PM,30.843903,49.653122,70.55,82.993482162
7/14/2025 2:39:24 PM,30.843903,49.756648,70.55,83.10339
7/14/2025 2:39:29 PM,30.843903,49.83561,70.55,83.788636112
7/14/2025 2:39:34 PM,30.781906584,49.691282,70.55,84.52378
7/14/2025 2:39:39 PM,30.767927,49.690616,70.55,82.969890367
7/14/2025 2:39:44 PM,30.767927,49.754436,70.55,83.25919
7/14/2025 2:39:49 PM,30.767927,49.668506,70.55,82.396405104
7/14/2025 2:39:54 PM,30.767927,49.633326,70.55,83.57619
7/14/2025 2:39:59 PM,30.7167039512,49.571858,70.55,81.52075752
7/14/2025 2:40:04 PM,30.684393,49.663418,70.55,81.42851
7/14/2025 2:40:09 PM,30.684393,49.60803,70.55,82.9737694
7/14/2025 2:40:14 PM,30.684393,49.647782,70.55,81.8543
7/14/2025 2:40:19 PM,30.6405024282,49.73036,70.55,81.596610394
7/14/2025 2:40:24 PM,30.612606,49.737072,70.55,81.851974
7/14/2025 2:40:29 PM,30.612606,49.748394,70.55,83.4435914088
7/14/2025 2:40:34 PM,30.595249074,49.80219,70.55,83.54654
7/14/2025 2:40:39 PM,30.569876,49.8264,70.55,82.608057084
7/14/2025 2:40:44 PM,30.569876,49.730204,70.55,83.21536
7/14/2025 2:40:49 PM,30.569876,49.795298,70.55,83.4895160252
7/14/2025 2:40:54 PM,30.569876,49.920212,70.55,81.640915
7/14/2025 2:40:59 PM,30.569876,49.956024,70.55,82.873451608
7/14/2025 2:41:04 PM,30.569876,50.109852,70.55,81.975975
7/14/2025 2:41:09 PM,30.542679716,50.124682,70.55,84.0102839664
7/14/2025 2:41:14 PM,30.432936,50.240478,70.55,82.617096
7/14/2025 2:41:19 PM,30.4257493902,50.18885,70.55,83.6930616048
7/14/2025 2:41:24 PM,30.396307,49.86464,70.55,85.246155
7/14/2025 2:41:29 PM,30.396307,49.975108,70.55,83.757668332
7/14/2025 2:41:34 PM,30.396307,50.029652,70.55,85.43796
7/14/2025 2:41:39 PM,30.396307,50.033956,70.55,84.082601032
7/14/2025 2:41:44 PM,30.396307,50.0178,70.55,83.64562
7/14/2025 2:41:49 PM,30.275686216,50.032424,70.55,82.5462501812
7/14/2025 2:41:54 PM,30.2796468128,49.99982,70.55,82.06946
7/14/2025 2:41:59 PM,30.28841,50.085562,70.55,83.506785994
7/14/2025 2:42:04 PM,30.28841,50.141554,70.55,82.25053
7/14/2025 2:42:09 PM,30.28841,50.10204,70.55,83.346900712
7/14/2025 2:42:14 PM,30.2492192984,50.113966,70.55,83.762716528
7/14/2025 2:42:19 PM,30.185709,50.06289,70.55,83.1488617232
7/14/2025 2:42:24 PM,30.185709,49.89857,70.55,83.5407261728
7/14/2025 2:42:29 PM,30.1716036978,49.831642,70.55,82.6857927712
7/14/2025 2:42:34 PM,30.15996,49.776314,70.55,82.1371913704
7/14/2025 2:42:39 PM,30.15996,49.783848,70.55,81.71545161
7/14/2025 2:42:44 PM,30.15996,49.868204,70.55,83.14805011
7/14/2025 2:42:49 PM,30.15996,49.73115,70.55,83.214228072
7/14/2025 2:42:54 PM,30.15996,49.729226,70.55,82.778580448
7/14/2025 2:42:59 PM,30.15996,49.675546,70.55,83.627199592
7/14/2025 2:43:04 PM,30.15996,49.66228,70.55,83.84748483
7/14/2025 2:43:09 PM,30.0910667712,49.729352,70.55,83.48878185
7/14/2025 2:43:14 PM,30.033504,49.684424,70.55,83.463460632
7/14/2025 2:43:19 PM,30.033504,49.797992,70.55,83.45699235
7/14/2025 2:43:24 PM,30.033504,49.815672,70.55,82.9408569
7/14/2025 2:43:29 PM,30.033504,49.67316,70.55,83.244738352
7/14/2025 2:43:34 PM,30.033504,49.675314,70.55,83.97195365
7/14/2025 2:43:39 PM,29.9947106744,49.678624,70.55,82.954334514
7/14/2025 2:43:44 PM,29.961956,49.55242,70.55,81.21399588
7/14/2025 2:43:49 PM,29.961956,49.706212,70.55,82.302030968
7/14/2025 2:43:54 PM,29.961956,49.828904,70.55,83.9626713044
7/14/2025 2:43:59 PM,29.961956,49.8085,70.55,83.3932455966
7/14/2025 2:44:04 PM,29.961956,49.886042,70.55,82.461545976
7/14/2025 2:44:09 PM,29.961956,50.09989,70.55,83.209664115
7/14/2025 2:44:14 PM,29.961956,49.994522,70.55,84.578258776
7/14/2025 2:44:19 PM,29.961956,49.998632,70.55,83.838902128
7/14/2025 2:44:24 PM,29.961956,50.070208,70.55,82.78525696
7/14/2025 2:44:29 PM,29.961956,50.04954,70.55,83.4597959768
7/14/2025 2:44:34 PM,29.961956,50.029418,70.55,83.8603550632
7/14/2025 2:44:39 PM,29.961956,50.171262,70.55,83.593970736
7/14/2025 2:44:44 PM,29.961956,50.235712,70.55,83.80931368
7/14/2025 2:44:49 PM,29.961956,49.868596,70.55,83.519641022
7/14/2025 2:44:54 PM,29.961956,49.968448,70.55,82.5188693
7/14/2025 2:44:59 PM,29.961956,49.962328,70.55,81.899025866
7/14/2025 2:45:04 PM,29.961956,50.025386,70.55,81.126867962
7/14/2025 2:45:09 PM,29.961956,49.927598,70.55,81.984168692
7/14/2025 2:45:14 PM,29.961956,49.983342,70.55,83.6533828008
7/14/2025 2:45:19 PM,29.961956,50.052676,70.55,83.9051694298
7/14/2025 2:45:24 PM,29.961956,49.936008,70.55,84.321037992
7/14/2025 2:45:29 PM,29.961956,49.973412,70.55,83.53007621
7/14/2025 2:45:34 PM,29.961956,49.945666,70.55,82.4476260336
7/14/2025 2:45:39 PM,29.961956,49.988444,70.55,83.4429256224
7/14/2025 2:45:44 PM,29.961956,49.876452,70.55,83.7307602612
7/14/2025 2:45:49 PM,29.961956,49.86205,70.55,83.1888426688
7/14/2025 2:45:54 PM,29.961956,49.754584,70.55,81.87141776
7/14/2025 2:45:59 PM,29.961956,49.914062,70.55,81.947494528
7/14/2025 2:46:04 PM,29.961956,49.934908,70.55,83.33765192
7/14/2025 2:46:09 PM,29.961956,49.763536,70.55,82.736544658
7/14/2025 2:46:14 PM,29.961956,49.80179,70.55,82.163205072
7/14/2025 2:46:19 PM,29.961956,49.934664,70.55,82.365098816
7/14/2025 2:46:24 PM,29.961956,49.935454,70.55,82.719881006
7/14/2025 2:46:29 PM,29.961956,49.775904,70.55,82.7442027772
7/14/2025 2:46:34 PM,29.961956,49.594632,70.55,82.8181892804
7/14/2025 2:46:39 PM,29.961956,49.854988,70.55,83.02532465
7/14/2025 2:46:44 PM,29.961956,49.86838,70.55,83.6262842
7/14/2025 2:46:49 PM,29.961956,49.939786,70.55,83.273458768
7/14/2025 2:46:54 PM,29.961956,49.7655,70.55,81.415444024
7/14/2025 2:46:59 PM,29.961956,49.666124,70.55,82.1229360224
7/14/2025 2:47:04 PM,29.961956,49.718408,70.55,83.07674891
7/14/2025 2:47:09 PM,29.961956,49.618718,70.55,83.095103312
7/14/2025 2:47:14 PM,29.961956,49.638322,70.55,84.7410621608
7/14/2025 2:47:19 PM,29.961956,49.633242,70.55,84.6040316896
7/14/2025 2:47:24 PM,29.961956,49.862464,70.55,83.693759622
7/14/2025 2:47:29 PM,29.961956,49.873102,70.55,84.04343037
7/14/2025 2:47:34 PM,29.961956,49.8432,70.55,84.1861932936
7/14/2025 2:47:39 PM,29.961956,49.738466,70.55,83.250593322
7/14/2025 2:47:44 PM,29.961956,49.77192,70.55,82.623062288
7/14/2025 2:47:49 PM,29.961956,49.841344,70.55,83.16666008
7/14/2025 2:47:54 PM,29.961956,49.828882,70.55,82.2636185
7/14/2025 2:47:59 PM,29.961956,50.004722,70.55,82.204150845
7/14/2025 2:48:04 PM,29.961956,50.023712,70.55,84.136277525
7/14/2025 2:48:09 PM,29.961956,49.959138,70.55,83.829403696
7/14/2025 2:48:14 PM,29.961956,49.980808,70.55,83.163402492
7/14/2025 2:48:19 PM,29.961956,49.97307,70.55,83.49317299
7/14/2025 2:48:24 PM,29.961956,50.01545,70.55,84.0489204
7/14/2025 2:48:29 PM,29.961956,50.006108,70.55,83.515164648
7/14/2025 2:48:34 PM,29.961956,50.004058,70.55,81.122092065
7/14/2025 2:48:39 PM,29.961956,49.921088,70.55,81.58630227
7/14/2025 2:48:44 PM,29.961956,49.95164,70.55,82.961994462
7/14/2025 2:48:49 PM,29.961956,49.977512,70.55,82.646764488
7/14/2025 2:48:54 PM,29.961956,50.021258,70.55,82.981297875
7/14/2025 2:48:59 PM,29.961956,49.921106,70.55,82.859929175
7/14/2025 2:49:04 PM,29.961956,50.031882,70.55,81.782646328
7/14/2025 2:49:09 PM,29.961956,49.99097,70.55,82.234380894
7/14/2025 2:49:14 PM,29.961956,49.947986,70.55,82.58720428
7/14/2025 2:49:19 PM,29.961956,49.787516,70.55,83.012386408
7/14/2025 2:49:24 PM,29.961956,49.930228,70.55,83.800772076
7/14/2025 2:49:29 PM,29.961956,49.795374,70.55,82.87911946
7/14/2025 2:49:34 PM,29.961956,49.894448,70.55,82.8869099
7/14/2025 2:49:39 PM,29.961956,49.997008,70.55,81.760702682
7/14/2025 2:49:44 PM,29.961956,49.719786,70.55,82.341369448
7/14/2025 2:49:49 PM,29.961956,49.50012,70.55,84.216578616
7/14/2025 2:49:54 PM,29.961956,49.525324,70.55,84.070096712
7/14/2025 2:49:59 PM,29.961956,49.561456,70.55,82.577770536
7/14/2025 2:50:04 PM,29.961956,49.563868,70.55,82.510178355
7/14/2025 2:50:09 PM,28.74809205,49.579232,70.55,82.415696088
7/14/2025 2:50:14 PM,28.600206,49.665176,70.55,84.047865752
7/14/2025 2:50:19 PM,28.600206,49.653468,70.55,85.15003384
7/14/2025 2:50:24 PM,28.600206,49.746926,70.55,84.1480796592
7/14/2025 2:50:29 PM,28.600206,49.695036,70.55,84.536986666
7/14/2025 2:50:34 PM,28.600206,49.81482,70.55,83.56831096
7/14/2025 2:50:39 PM,28.600206,49.885496,70.55,83.364528216
7/14/2025 2:50:44 PM,28.600206,49.833844,70.55,82.971110482
7/14/2025 2:50:49 PM,28.600206,49.961884,70.55,82.89686932
7/14/2025 2:50:54 PM,28.600206,50.026382,70.55,82.909264547
7/14/2025 2:50:59 PM,28.600206,49.84692,70.55,83.227593245
7/14/2025 2:51:04 PM,28.600206,49.774078,70.55,82.17879576
7/14/2025 2:51:09 PM,28.600206,49.965504,70.55,83.468028822
7/14/2025 2:51:14 PM,28.600206,49.792862,70.55,83.0622831
7/14/2025 2:51:19 PM,28.600206,49.836476,70.55,83.11354104
7/14/2025 2:51:24 PM,28.600206,49.905636,70.55,83.02069294
7/14/2025 2:51:29 PM,28.600206,49.841752,70.55,82.628219358
7/14/2025 2:51:34 PM,28.600206,49.910646,70.55,83.33014926
7/14/2025 2:51:39 PM,28.600206,50.066384,70.55,85.359175386
7/14/2025 2:51:44 PM,28.600206,50.13788,70.55,84.6340919344
7/14/2025 2:51:49 PM,28.600206,50.16,70.55,83.2713398528
7/14/2025 2:51:54 PM,28.600206,49.998152,70.55,82.12999396
7/14/2025 2:51:59 PM,28.600206,49.874112,70.55,81.585139079
7/14/2025 2:52:04 PM,28.600206,49.923678,70.55,82.456997328
7/14/2025 2:52:09 PM,28.600206,50.084292,70.55,82.862103258
7/14/2025 2:52:14 PM,28.600206,50.2371,70.55,83.626180004
7/14/2025 2:52:19 PM,28.600206,50.023536,70.55,83.497749545
7/14/2025 2:52:24 PM,28.600206,49.998306,70.55,82.4884704174
7/14/2025 2:52:29 PM,28.600206,49.919006,70.55,81.5074243488
7/14/2025 2:52:34 PM,28.600206,49.92742,70.55,81.915290622
7/14/2025 2:52:39 PM,28.600206,49.883724,70.55,83.229362906
7/14/2025 2:52:44 PM,28.600206,49.901384,70.55,83.669495604
7/14/2025 2:52:49 PM,28.600206,49.891028,70.55,82.753321964
7/14/2025 2:52:54 PM,28.600206,49.736146,70.55,81.825523104
7/14/2025 2:52:59 PM,28.600206,49.757312,70.55,83.098181796
7/14/2025 2:53:04 PM,28.600206,49.994228,70.55,82.5052038408
7/14/2025 2:53:09 PM,28.600206,50.02988,70.55,84.4536026904
7/14/2025 2:53:14 PM,28.600206,50.023876,70.55,83.192437643
7/14/2025 2:53:19 PM,28.600206,50.046576,70.55,83.202288064
7/14/2025 2:53:24 PM,28.600206,49.997446,70.55,82.81531356
7/14/2025 2:53:29 PM,28.600206,49.787992,70.55,82.403445324
7/14/2025 2:53:34 PM,28.600206,49.797782,70.55,82.340211875
7/14/2025 2:53:39 PM,28.600206,49.744232,70.55,83.2463654904
7/14/2025 2:53:44 PM,28.600206,49.76554,70.55,83.16802541
7/14/2025 2:53:49 PM,28.600206,49.7817,70.55,83.7823751104
7/14/2025 2:53:54 PM,28.600206,49.857552,70.55,83.235296562
7/14/2025 2:53:59 PM,28.600206,49.847954,70.55,81.35183788
7/14/2025 2:54:04 PM,28.600206,49.72518,70.55,81.2173181
7/14/2025 2:54:09 PM,28.600206,49.871738,70.55,84.367826988
7/14/2025 2:54:14 PM,28.600206,49.8982,70.55,83.66314886
7/14/2025 2:54:19 PM,28.600206,49.937598,70.55,82.149039973
7/14/2025 2:54:24 PM,28.600206,50.146002,70.55,81.18151002
7/14/2025 2:54:29 PM,28.600206,49.987272,70.55,84.571758288
7/14/2025 2:54:34 PM,28.600206,49.982008,70.55,83.5689768
7/14/2025 2:54:39 PM,28.600206,50.106808,70.55,85.683044528
7/14/2025 2:54:44 PM,28.600206,50.006572,70.55,85.168976604
7/14/2025 2:54:49 PM,28.600206,50.087456,70.55,81.928812768
7/14/2025 2:54:54 PM,28.600206,50.082536,70.55,82.438126896
7/14/2025 2:54:59 PM,28.600206,50.040688,70.55,84.37304758
7/14/2025 2:55:04 PM,28.600206,50.013956,70.55,84.542824096
7/14/2025 2:55:09 PM,28.600206,50.084484,70.55,81.545313376
7/14/2025 2:55:14 PM,28.600206,50.257976,70.55,81.747783618
7/14/2025 2:55:19 PM,28.600206,50.18458,70.55,82.847409382
7/14/2025 2:55:24 PM,28.600206,50.233264,70.55,82.888038397
7/14/2025 2:55:29 PM,28.600206,50.215388,70.55,84.153625
7/14/2025 2:55:34 PM,28.600206,50.31627,70.55,84.7599279
7/14/2025 2:55:39 PM,28.1101275468,50.126446,70.55,84.39167
7/14/2025 2:55:44 PM,27.438332,50.078038,70.55,82.169177874
7/14/2025 2:55:49 PM,27.438332,50.056358,70.55,83.28748
7/14/2025 2:55:54 PM,27.438332,50.007552,70.55,83.5562035384
7/14/2025 2:55:59 PM,27.438332,49.969212,70.55,82.7832
7/14/2025 2:56:04 PM,27.438332,49.902688,70.55,81.72589831
7/14/2025 2:56:09 PM,27.438332,49.800624,70.55,83.320274
7/14/2025 2:56:14 PM,27.438332,49.971622,70.55,82.41915824
7/14/2025 2:56:19 PM,27.438332,49.85249,70.55,83.295494
7/14/2025 2:56:24 PM,27.438332,49.84976,70.55,82.1345929896
7/14/2025 2:56:29 PM,27.438332,49.78784,70.55,82.95055
7/14/2025 2:56:34 PM,27.438332,50.005242,70.55,83.28284098
7/14/2025 2:56:39 PM,27.438332,49.987366,70.55,84.114068488
7/14/2025 2:56:44 PM,27.438332,49.957786,70.55,83.18560696
7/14/2025 2:56:49 PM,27.438332,50.01861,70.55,82.524568872
7/14/2025 2:56:54 PM,27.438332,49.995008,70.55,82.76726427
7/14/2025 2:56:59 PM,27.438332,49.894736,70.55,82.399298847
7/14/2025 2:57:04 PM,27.438332,49.851322,70.55,82.560242176
7/14/2025 2:57:09 PM,27.438332,49.910046,70.55,82.1272840668
7/14/2025 2:57:14 PM,27.438332,49.89191,70.55,83.0277318306
7/14/2025 2:57:19 PM,27.438332,50.04438,70.55,83.32464954
7/14/2025 2:57:24 PM,27.438332,49.940188,70.55,83.417576795
7/14/2025 2:57:29 PM,27.438332,50.04925,70.55,83.3083171276
7/14/2025 2:57:34 PM,27.438332,49.959714,70.55,83.0773856272
7/14/2025 2:57:39 PM,27.438332,49.998816,70.55,82.662218605
7/14/2025 2:57:44 PM,27.438332,50.033916,70.55,82.98662362
7/14/2025 2:57:49 PM,27.438332,49.91,70.55,82.528245326
7/14/2025 2:57:54 PM,27.438332,49.975554,70.55,82.057392544
7/14/2025 2:57:59 PM,27.438332,50.150478,70.55,82.32669607
7/14/2025 2:58:04 PM,27.438332,50.255438,70.55,83.305772605
7/14/2025 2:58:09 PM,27.438332,50.106494,70.55,83.183375182
7/14/2025 2:58:14 PM,27.3273233756,50.099126,70.55,83.70239044
7/14/2025 2:58:19 PM,26.893103,50.17884,70.55,82.2697085404
7/14/2025 2:58:24 PM,26.893103,50.227772,70.55,82.770809574
7/14/2025 2:58:29 PM,26.893103,50.220652,70.55,83.29054257
7/14/2025 2:58:34 PM,26.893103,50.293424,70.55,82.304680821
7/14/2025 2:58:39 PM,26.893103,50.367924,70.55,82.127947286
7/14/2025 2:58:44 PM,26.893103,50.172202,70.55,83.65056584
7/14/2025 2:58:49 PM,26.893103,50.305856,70.55,83.764432678
7/14/2025 2:58:54 PM,26.893103,50.273446,70.55,82.623938608
7/14/2025 2:58:59 PM,26.893103,50.299762,70.55,83.318460044
7/14/2025 2:59:04 PM,26.893103,50.380982,70.55,83.3269315808
7/14/2025 2:59:09 PM,26.893103,50.4477,70.55,83.421959118
7/14/2025 2:59:14 PM,26.893103,50.59694,70.55,82.76111854
7/14/2025 2:59:19 PM,26.893103,50.56554,70.55,83.38232716
7/14/2025 2:59:24 PM,26.893103,50.446176,70.55,82.340675127
7/14/2025 2:59:29 PM,26.893103,50.343302,70.55,83.19673244
7/14/2025 2:59:34 PM,26.893103,50.330416,70.55,83.08822812
7/14/2025 2:59:39 PM,26.893103,50.172946,70.55,82.437447624
7/14/2025 2:59:44 PM,26.893103,50.45756,70.55,83.124316784
7/14/2025 2:59:49 PM,26.893103,50.42669,70.55,83.107954788
7/14/2025 2:59:54 PM,26.893103,50.463478,70.55,83.817910039
7/14/2025 2:59:59 PM,26.893103,50.312918,70.55,82.512856
7/14/2025 3:00:04 PM,26.893103,50.256534,70.55,81.448179436
7/14/2025 3:00:09 PM,26.893103,50.549606,70.55,83.12236
7/14/2025 3:00:14 PM,26.893103,50.367502,70.55,82.8897794524
7/14/2025 3:00:19 PM,26.893103,50.219054,70.55,84.217514
7/14/2025 3:00:24 PM,26.893103,50.194048,70.55,82.042189894
7/14/2025 3:00:29 PM,26.893103,50.173846,70.55,82.72659
7/14/2025 3:00:34 PM,26.893103,50.242256,70.55,82.7181654488
7/14/2025 3:00:39 PM,26.893103,50.246072,70.55,82.53978
7/14/2025 3:00:44 PM,26.893103,50.324132,70.55,80.928353006
7/14/2025 3:00:49 PM,26.893103,50.36379,70.55,81.71978
7/14/2025 3:00:54 PM,26.893103,50.442076,70.55,81.920427636
7/14/2025 3:00:59 PM,26.893103,50.349952,70.55,82.11125
7/14/2025 3:01:04 PM,26.893103,50.388182,70.55,82.5282621
7/14/2025 3:01:09 PM,26.893103,50.4506,70.55,83.38856
7/14/2025 3:01:14 PM,26.893103,50.354044,70.55,82.656686446
7/14/2025 3:01:19 PM,26.893103,50.534334,70.55,84.28481
7/14/2025 3:01:24 PM,26.893103,50.40492,70.55,82.633006913
7/14/2025 3:01:29 PM,26.893103,50.47866,70.55,83.969955
7/14/2025 3:01:34 PM,26.893103,50.695228,70.55,82.2767675814
7/14/2025 3:01:39 PM,26.893103,50.751362,70.55,82.027466
7/14/2025 3:01:44 PM,26.893103,50.544276,70.55,84.070354252
7/14/2025 3:01:49 PM,26.893103,50.663088,70.55,83.076614
7/14/2025 3:01:54 PM,26.893103,50.647784,70.55,83.3027352972
7/14/2025 3:01:59 PM,26.893103,50.562376,70.55,84.0591
7/14/2025 3:02:04 PM,26.893103,50.780644,70.55,84.349242856
7/14/2025 3:02:09 PM,26.893103,50.72864,70.55,84.780534726
7/14/2025 3:02:14 PM,26.893103,50.614764,70.55,82.6439044
7/14/2025 3:02:19 PM,26.893103,50.60436,70.55,81.566430442
7/14/2025 3:02:24 PM,26.893103,50.67608,70.55,82.81643218
7/14/2025 3:02:29 PM,26.893103,50.545536,70.55,83.25060462
7/14/2025 3:02:34 PM,26.893103,50.591308,70.55,84.375432728
7/14/2025 3:02:39 PM,26.893103,50.455,70.55,83.796847334
7/14/2025 3:02:44 PM,26.893103,50.371934,70.55,83.891138704
7/14/2025 3:02:49 PM,26.893103,50.296672,70.55,82.452679792
7/14/2025 3:02:54 PM,26.893103,50.360264,70.55,83.402006104
7/14/2025 3:02:59 PM,26.893103,50.389212,70.55,83.492054556
7/14/2025 3:03:04 PM,26.893103,50.202882,70.55,82.7108395304
7/14/2025 3:03:09 PM,26.893103,50.3174,70.55,81.483631072
7/14/2025 3:03:14 PM,26.7267534884,50.108776,70.55,82.7814603256
7/14/2025 3:03:19 PM,25.8349,50.32988,70.55,81.9382561172
7/14/2025 3:03:24 PM,25.8349,50.30322,70.55,80.815812512
7/14/2025 3:03:29 PM,25.8349,50.184688,70.55,80.2976192176
7/14/2025 3:03:34 PM,25.8349,50.318262,70.55,83.5694042
7/14/2025 3:03:39 PM,25.8349,50.359514,70.55,83.3515985504
7/14/2025 3:03:44 PM,25.8349,50.289056,70.55,83.9164780376
7/14/2025 3:03:49 PM,25.8349,50.239254,70.55,83.620606926
7/14/2025 3:03:54 PM,25.8349,50.22072,70.55,83.728909166
7/14/2025 3:03:59 PM,25.8349,50.10618,70.55,83.934545964
7/14/2025 3:04:04 PM,25.8349,50.397646,70.55,82.396498096
7/14/2025 3:04:09 PM,25.8349,50.278118,70.55,84.21151012
7/14/2025 3:04:14 PM,25.8349,50.403826,70.55,83.01786828
7/14/2025 3:04:19 PM,25.8349,50.340238,70.55,81.576386269
7/14/2025 3:04:24 PM,25.8349,50.341606,70.55,81.314711168
7/14/2025 3:04:29 PM,25.8349,50.350596,70.55,82.122101336
7/14/2025 3:04:34 PM,25.8349,50.36654,70.55,83.4466356108
7/14/2025 3:04:39 PM,25.8349,50.491956,70.55,82.6549399184
7/14/2025 3:04:44 PM,25.8349,50.375478,70.55,82.52629358
7/14/2025 3:04:49 PM,25.59469216,50.565728,70.55,82.884155956
7/14/2025 3:04:54 PM,25.51204,50.65772,70.55,82.277516359
7/14/2025 3:04:59 PM,25.51204,50.794752,70.55,82.404164435
7/14/2025 3:05:04 PM,25.51204,50.684124,70.55,82.806276812
7/14/2025 3:05:09 PM,25.51204,50.744068,70.55,84.391076372
7/14/2025 3:05:14 PM,25.51204,50.523316,70.55,80.536644562
7/14/2025 3:05:19 PM,25.51204,50.560044,70.55,84.372396412
7/14/2025 3:05:24 PM,25.51204,50.624488,70.55,82.13147513
7/14/2025 3:05:29 PM,25.51204,50.637016,70.55,82.367226768
7/14/2025 3:05:34 PM,25.51204,50.672502,70.55,84.255995148
7/14/2025 3:05:39 PM,25.51204,50.792906,70.55,83.3500571904
7/14/2025 3:05:44 PM,25.51204,50.706586,70.55,81.2233676624
7/14/2025 3:05:49 PM,25.51204,50.696116,70.55,83.5638361432
7/14/2025 3:05:54 PM,25.51204,50.56639,70.55,85.091965
7/14/2025 3:05:59 PM,25.51204,50.673362,70.55,85.068058207
7/14/2025 3:06:04 PM,25.51204,50.619774,70.55,82.90455
7/14/2025 3:06:09 PM,25.51204,50.486754,70.55,82.472714637
7/14/2025 3:06:14 PM,25.51204,50.717978,70.55,81.46143
7/14/2025 3:06:19 PM,25.51204,50.641658,70.55,83.41696032
7/14/2025 3:06:24 PM,25.51204,50.5366,70.55,83.07645
7/14/2025 3:06:29 PM,25.51204,50.501312,70.55,83.594155626
7/14/2025 3:06:34 PM,25.51204,50.255122,70.55,84.069725
7/14/2025 3:06:39 PM,25.51204,50.510158,70.55,82.050338149
7/14/2025 3:06:44 PM,25.51204,50.447752,70.55,82.622795
7/14/2025 3:06:49 PM,25.51204,50.324562,70.55,81.51462085
7/14/2025 3:06:54 PM,25.51204,50.468556,70.55,81.8229
7/14/2025 3:06:59 PM,25.3605770454,50.44877,70.55,82.4826377516
7/14/2025 3:07:04 PM,25.044273,50.33562,70.55,82.28825
7/14/2025 3:07:09 PM,25.0122666932,50.251402,70.55,84.789008268
7/14/2025 3:07:14 PM,24.999992,50.33485,70.55,83.41044
7/14/2025 3:07:19 PM,24.999992,50.587086,70.55,82.540333365
7/14/2025 3:07:24 PM,24.999992,50.478208,70.55,84.483925
7/14/2025 3:07:29 PM,24.9607859156,50.60993,70.55,85.178397131
7/14/2025 3:07:34 PM,24.93591564,50.56744,70.55,84.35124
7/14/2025 3:07:39 PM,24.920319,50.535316,70.55,83.539845192
7/14/2025 3:07:44 PM,24.920319,50.602316,70.55,83.60298
7/14/2025 3:07:49 PM,24.920319,50.596886,70.55,84.183560062
7/14/2025 3:07:54 PM,24.920319,50.526172,70.55,83.91606
7/14/2025 3:07:59 PM,24.920319,50.462324,70.55,83.4593747028
7/14/2025 3:08:04 PM,24.920319,50.636776,70.55,83.154106
7/14/2025 3:08:09 PM,24.920319,50.645006,70.55,83.532816898
7/14/2025 3:08:14 PM,24.920319,50.542756,70.55,82.520096
7/14/2025 3:08:19 PM,24.920319,50.569316,70.55,81.3675202946
7/14/2025 3:08:24 PM,24.920319,50.674336,70.55,80.256355
7/14/2025 3:08:29 PM,24.920319,50.725506,70.55,82.04598768
7/14/2025 3:08:34 PM,24.920319,50.818484,70.55,82.313675
7/14/2025 3:08:39 PM,24.920319,50.803788,70.55,82.505432999
7/14/2025 3:08:44 PM,24.920319,51.0409,70.55,80.901955
7/14/2025 3:08:49 PM,24.920319,50.8856,70.55,85.3529752176
7/14/2025 3:08:54 PM,24.920319,50.895678,70.55,82.563644
7/14/2025 3:08:59 PM,24.920319,50.938744,70.55,83.32499367
7/14/2025 3:09:04 PM,24.920319,50.859446,70.55,84.508095
7/14/2025 3:09:09 PM,24.920319,50.775272,70.55,81.471538354
7/14/2025 3:09:14 PM,24.920319,50.884174,70.55,82.0939
7/14/2025 3:09:19 PM,24.920319,50.682372,70.55,82.036110598
7/14/2025 3:09:24 PM,24.920319,50.766952,70.55,81.77749
7/14/2025 3:09:29 PM,24.920319,50.623648,70.55,82.692212224
7/14/2025 3:09:34 PM,24.920319,50.509238,70.55,82.67389
7/14/2025 3:09:39 PM,24.920319,50.586168,70.55,83.410832864
7/14/2025 3:09:44 PM,24.920319,50.597386,70.55,85.39592
7/14/2025 3:09:49 PM,24.920319,50.453804,70.55,83.272231719
7/14/2025 3:09:54 PM,24.920319,50.629182,70.55,83.17257
7/14/2025 3:09:59 PM,24.920319,50.703696,70.55,83.6443694772
7/14/2025 3:10:04 PM,24.920319,50.570274,70.55,84.830124
7/14/2025 3:10:09 PM,24.920319,50.674632,70.55,81.9203491572
7/14/2025 3:10:14 PM,24.920319,50.536468,70.55,81.85863
7/14/2025 3:10:19 PM,24.920319,50.633538,70.55,84.343551426
7/14/2025 3:10:24 PM,24.920319,50.465706,70.55,84.23246
7/14/2025 3:10:29 PM,24.920319,50.387272,70.55,82.8032649
7/14/2025 3:10:34 PM,24.920319,50.538676,70.55,83.550156
7/14/2025 3:10:39 PM,24.920319,50.604438,70.55,84.9004081248
7/14/2025 3:10:44 PM,24.920319,50.609982,70.55,84.352036
7/14/2025 3:10:49 PM,24.920319,50.536792,70.55,84.0444889448
7/14/2025 3:10:54 PM,24.920319,50.598284,70.55,83.16464
7/14/2025 3:10:59 PM,24.920319,50.529384,70.55,83.4587903888
7/14/2025 3:11:04 PM,24.920319,50.718136,70.55,82.391106
7/14/2025 3:11:09 PM,24.920319,50.653,70.55,83.7050282184
7/14/2025 3:11:14 PM,24.920319,50.61582,70.55,82.70859
7/14/2025 3:11:19 PM,24.920319,50.40916,70.55,83.830208712
7/14/2025 3:11:24 PM,24.920319,50.571322,70.55,84.74658
7/14/2025 3:11:29 PM,24.920319,50.67026,70.55,83.6784510084
7/14/2025 3:11:34 PM,24.920319,50.860716,70.55,86.56915
7/14/2025 3:11:39 PM,24.920319,50.817558,70.55,82.758015454
7/14/2025 3:11:44 PM,24.5033932624,50.901324,70.55,82.53334
7/14/2025 3:11:49 PM,24.057476,50.72758,70.55,82.941720796
7/14/2025 3:11:54 PM,24.057476,50.68536,70.55,82.37684
7/14/2025 3:11:59 PM,24.057476,50.849204,70.55,83.310443672
7/14/2025 3:12:04 PM,24.057476,50.79738,70.55,83.45755
7/14/2025 3:12:09 PM,24.057476,50.740572,70.55,81.251228281
7/14/2025 3:12:14 PM,24.057476,50.970268,70.55,81.65021
7/14/2025 3:12:19 PM,24.057476,51.152,70.55,82.0339104688
7/14/2025 3:12:24 PM,24.057476,51.04743,70.55,84.418236
7/14/2025 3:12:29 PM,24.057476,51.113548,70.55,84.0292054168
7/14/2025 3:12:34 PM,24.057476,50.94512,70.55,84.38813
7/14/2025 3:12:39 PM,24.057476,50.933424,70.55,82.747528
7/14/2025 3:12:44 PM,24.057476,51.051208,70.55,84.07258
7/14/2025 3:12:49 PM,24.057476,50.939968,70.55,82.739755002
7/14/2025 3:12:54 PM,24.057476,50.784172,70.55,82.80642
7/14/2025 3:12:59 PM,24.057476,50.795492,70.55,82.9736744424
7/14/2025 3:13:04 PM,24.057476,50.80028,70.55,83.586494
7/14/2025 3:13:09 PM,24.057476,50.661168,70.55,82.8164134096
7/14/2025 3:13:14 PM,24.057476,50.763326,70.55,81.86427
7/14/2025 3:13:19 PM,24.057476,50.720644,70.55,82.23639415
7/14/2025 3:13:24 PM,24.057476,50.789776,70.55,80.62596
7/14/2025 3:13:29 PM,24.057476,50.698784,70.55,82.8092555
7/14/2025 3:13:34 PM,24.057476,50.760896,70.55,83.420135
7/14/2025 3:13:39 PM,24.057476,50.656664,70.55,83.310482828
7/14/2025 3:13:44 PM,24.057476,50.591312,70.55,84.723495
7/14/2025 3:13:49 PM,24.057476,50.687386,70.55,82.279652129
7/14/2025 3:13:54 PM,24.057476,50.596282,70.55,82.866035
7/14/2025 3:13:59 PM,24.057476,50.5416,70.55,83.114678469
7/14/2025 3:14:04 PM,24.057476,50.654008,70.55,83.54556
7/14/2025 3:14:09 PM,24.057476,50.60206,70.55,82.596456618
7/14/2025 3:14:14 PM,24.057476,50.633908,70.55,84.28522
7/14/2025 3:14:19 PM,24.057476,50.71428,70.55,82.797311758
7/14/2025 3:14:24 PM,24.057476,50.596274,70.55,82.68625
7/14/2025 3:14:29 PM,24.057476,50.653734,70.55,82.94103365
7/14/2025 3:14:34 PM,24.057476,50.665946,70.55,82.82924
7/14/2025 3:14:39 PM,24.057476,50.661768,70.55,83.5596558944
7/14/2025 3:14:44 PM,24.057476,50.905562,70.55,83.487656
7/14/2025 3:14:49 PM,24.057476,50.86019,70.55,81.8432601764
7/14/2025 3:14:54 PM,24.057476,50.942078,70.55,82.50889
7/14/2025 3:14:59 PM,24.057476,50.768084,70.55,84.576838182
7/14/2025 3:15:04 PM,24.057476,50.910886,70.55,84.23513
7/14/2025 3:15:09 PM,24.057476,50.719944,70.55,81.777176427
7/14/2025 3:15:14 PM,24.057476,50.851002,70.55,81.730545
7/14/2025 3:15:19 PM,24.057476,51.224478,70.55,84.677534214
7/14/2025 3:15:24 PM,24.057476,51.040138,70.55,85.15353
7/14/2025 3:15:29 PM,24.057476,50.995852,70.55,84.441796992
7/14/2025 3:15:34 PM,24.057476,51.12573,70.55,83.70349
7/14/2025 3:15:39 PM,23.51807632,50.99047,70.55,82.883908064
7/14/2025 3:15:44 PM,23.214664,50.975928,70.55,82.62098
7/14/2025 3:15:49 PM,23.214664,51.04848,70.55,82.55730334
7/14/2025 3:15:54 PM,23.214664,51.013236,70.55,81.14288
7/14/2025 3:15:59 PM,23.214664,51.033144,70.55,83.337740916
7/14/2025 3:16:04 PM,23.214664,50.877172,70.55,82.78954
7/14/2025 3:16:09 PM,23.214664,51.037478,70.55,82.817218177
7/14/2025 3:16:14 PM,23.214664,50.927678,70.55,82.955025
7/14/2025 3:16:19 PM,23.214664,50.850628,70.55,83.664100501
7/14/2025 3:16:24 PM,23.214664,50.765674,70.55,84.49246
7/14/2025 3:16:29 PM,23.214664,50.871832,70.55,82.05261178
7/14/2025 3:16:34 PM,23.214664,50.838542,70.55,84.26351
7/14/2025 3:16:39 PM,23.214664,50.85645,70.55,83.773009456
7/14/2025 3:16:44 PM,23.214664,50.842712,70.55,84.263115
7/14/2025 3:16:49 PM,23.214664,50.780592,70.55,82.635499048
7/14/2025 3:16:54 PM,23.214664,50.699796,70.55,82.11084
7/14/2025 3:16:59 PM,23.214664,50.582342,70.55,83.419891408
7/14/2025 3:17:04 PM,23.214664,50.64542,70.55,82.67092
7/14/2025 3:17:09 PM,23.214664,50.680112,70.55,84.563176985
7/14/2025 3:17:14 PM,23.214664,50.640974,70.55,86.71563
7/14/2025 3:17:19 PM,23.214664,50.526608,70.55,82.697581002
7/14/2025 3:17:24 PM,23.214664,50.504986,70.55,84.25222
7/14/2025 3:17:29 PM,23.214664,50.655688,70.55,82.9729871896
7/14/2025 3:17:34 PM,23.214664,50.680956,70.55,84.35238
7/14/2025 3:17:39 PM,23.214664,50.59139,70.55,81.4478344112
7/14/2025 3:17:44 PM,23.0403614784,50.63602,70.55,83.388084
7/14/2025 3:17:49 PM,22.798866,50.64417,70.55,82.7380558524
7/14/2025 3:17:54 PM,22.798866,50.653152,70.55,82.31945
7/14/2025 3:17:59 PM,22.798866,50.762604,70.55,84.171185204
7/14/2025 3:18:04 PM,22.797604294,50.577274,70.55,82.37676
7/14/2025 3:18:09 PM,22.724648,50.774476,70.55,82.887032378
7/14/2025 3:18:14 PM,22.6874594794,50.77351,70.55,80.93242
7/14/2025 3:18:19 PM,22.679085,50.952176,70.55,82.55548268
7/14/2025 3:18:24 PM,22.679085,50.997864,70.55,80.481445
7/14/2025 3:18:29 PM,22.679085,51.090636,70.55,84.227505495
7/14/2025 3:18:34 PM,22.6551069696,51.004424,70.55,82.90454
7/14/2025 3:18:39 PM,22.620659,50.928774,70.55,83.605055278
7/14/2025 3:18:44 PM,22.620659,51.222258,70.55,83.8150258224
7/14/2025 3:18:49 PM,22.620659,51.231994,70.55,83.5747467804
7/14/2025 3:18:54 PM,22.620659,51.158186,70.55,84.082579752
7/14/2025 3:18:59 PM,22.620659,50.99692,70.55,83.78533872
7/14/2025 3:19:04 PM,22.620659,51.000172,70.55,82.04968254
7/14/2025 3:19:09 PM,22.620659,50.994372,70.55,82.149519568
7/14/2025 3:19:14 PM,22.620659,50.944008,70.55,83.514632272
7/14/2025 3:19:19 PM,22.620659,50.978082,70.55,83.091645676
7/14/2025 3:19:24 PM,22.620659,51.042392,70.55,83.541011036
7/14/2025 3:19:29 PM,22.620659,50.993772,70.55,83.99916636
7/14/2025 3:19:34 PM,22.620659,51.132766,70.55,83.048209808
7/14/2025 3:19:39 PM,22.620659,50.994546,70.55,82.316174231
7/14/2025 3:19:44 PM,22.620659,51.027106,70.55,82.038203535
7/14/2025 3:19:49 PM,22.620659,51.052296,70.55,82.24536281
7/14/2025 3:19:54 PM,22.620659,51.00744,70.55,82.586565822
7/14/2025 3:19:59 PM,22.620659,50.915708,70.55,83.741061852
7/14/2025 3:20:04 PM,22.620659,50.849846,70.55,82.205848112
7/14/2025 3:20:09 PM,22.620659,50.738198,70.55,83.089837844
7/14/2025 3:20:14 PM,22.620659,50.635716,70.55,83.071837106
7/14/2025 3:20:19 PM,22.620659,50.72838,70.55,82.364104118
7/14/2025 3:20:24 PM,22.620659,50.519492,70.55,82.642792196
7/14/2025 3:20:29 PM,22.620659,50.446084,70.55,82.9176825312
7/14/2025 3:20:34 PM,22.620659,50.551292,70.55,82.223913368
7/14/2025 3:20:39 PM,22.620659,50.530482,70.55,83.95048336
7/14/2025 3:20:44 PM,22.620659,50.612384,70.55,82.7881636544
7/14/2025 3:20:49 PM,22.620659,50.538822,70.55,83.325483757
7/14/2025 3:20:54 PM,22.620659,50.730588,70.55,83.255027136
7/14/2025 3:20:59 PM,22.620659,50.569396,70.55,84.755701592
7/14/2025 3:21:04 PM,22.620659,50.607052,70.55,84.2528931148
7/14/2025 3:21:09 PM,22.620659,50.675738,70.55,82.0312431864
7/14/2025 3:21:14 PM,22.620659,50.584216,70.55,81.726970944
7/14/2025 3:21:19 PM,22.620659,50.647846,70.55,82.89002256
7/14/2025 3:21:24 PM,22.620659,50.476156,70.55,83.45974878
7/14/2025 3:21:29 PM,22.620659,50.737864,70.55,83.413778064
7/14/2025 3:21:34 PM,22.620659,50.841946,70.55,82.753517189
7/14/2025 3:21:39 PM,22.620659,50.837922,70.55,81.075343237
7/14/2025 3:21:44 PM,22.620659,50.889656,70.55,83.104707609
7/14/2025 3:21:49 PM,22.620659,51.011214,70.55,84.140337806
7/14/2025 3:21:54 PM,22.620659,51.04543,70.55,83.92492544
7/14/2025 3:21:59 PM,22.620659,51.001872,70.55,83.8711746
7/14/2025 3:22:04 PM,22.620659,50.976912,70.55,81.615044914
7/14/2025 3:22:09 PM,21.8854721716,51.047192,70.55,81.577764968
7/14/2025 3:22:14 PM,21.8555485242,51.093126,70.55,82.2172285528
7/14/2025 3:22:19 PM,21.848705,51.070318,70.55,82.4844658688
7/14/2025 3:22:24 PM,21.848705,51.066074,70.55,82.061433412
7/14/2025 3:22:29 PM,21.848705,51.283558,70.55,80.495344686
7/14/2025 3:22:34 PM,21.848705,51.311628,70.55,83.3536160216
7/14/2025 3:22:39 PM,21.848705,51.016958,70.55,83.3153436608
7/14/2025 3:22:44 PM,21.848705,50.982302,70.55,83.7467673296
7/14/2025 3:22:49 PM,21.848705,50.896572,70.55,83.3287467198
7/14/2025 3:22:54 PM,21.848705,50.904626,70.55,83.903467417
7/14/2025 3:22:59 PM,21.848705,50.898196,70.55,84.02572537
7/14/2025 3:23:04 PM,21.848705,50.851616,70.55,83.72328024
7/14/2025 3:23:09 PM,21.848705,50.797098,70.55,82.03771144
7/14/2025 3:23:14 PM,21.848705,51.05035,70.55,81.097640648
7/14/2025 3:23:19 PM,21.848705,51.050458,70.55,81.7147887
7/14/2025 3:23:24 PM,21.848705,50.882306,70.55,84.301198322
7/14/2025 3:23:29 PM,21.848705,50.8061,70.55,83.50183187
7/14/2025 3:23:34 PM,21.848705,50.716154,70.55,83.292884492
7/14/2025 3:23:39 PM,21.6963871712,50.689258,70.55,83.4921434984
7/14/2025 3:23:44 PM,21.54561272,50.727988,70.55,82.37366608
7/14/2025 3:23:49 PM,21.518127,50.72058,70.55,82.2867277
7/14/2025 3:23:54 PM,21.518127,50.755388,70.55,82.96556133
7/14/2025 3:23:59 PM,21.518127,50.777604,70.55,83.323463184
7/14/2025 3:24:04 PM,21.518127,50.768108,70.55,83.950374924
7/14/2025 3:24:09 PM,21.518127,50.696192,70.55,82.964682492
7/14/2025 3:24:14 PM,21.518127,50.702076,70.55,83.756392164
7/14/2025 3:24:19 PM,21.4274240496,50.685214,70.55,83.55724176
7/14/2025 3:24:24 PM,21.419708,50.666168,70.55,83.712901122
7/14/2025 3:24:29 PM,21.419708,50.655796,70.55,84.956336334
7/14/2025 3:24:34 PM,21.419708,50.684092,70.55,81.896362228
7/14/2025 3:24:39 PM,21.419708,50.830016,70.55,83.87669682
7/14/2025 3:24:44 PM,21.419708,50.765924,70.55,81.7923521624
7/14/2025 3:24:49 PM,21.419708,50.905772,70.55,81.7263762044
7/14/2025 3:24:54 PM,21.419708,50.902178,70.55,83.626098324
7/14/2025 3:24:59 PM,21.419708,50.922544,70.55,81.778082596
7/14/2025 3:25:04 PM,21.419708,50.96934,70.55,83.53898424
7/14/2025 3:25:09 PM,21.419708,51.057988,70.55,83.877106394
7/14/2025 3:25:14 PM,21.419708,51.055744,70.55,82.3911744
7/14/2025 3:25:19 PM,21.419708,51.056804,70.55,83.238186984
7/14/2025 3:25:24 PM,21.419708,50.986188,70.55,82.973354928
7/14/2025 3:25:29 PM,21.419708,51.192644,70.55,83.52679114
7/14/2025 3:25:34 PM,21.419708,51.142082,70.55,82.565771689
7/14/2025 3:25:39 PM,21.419708,51.118758,70.55,82.244606384
7/14/2025 3:25:44 PM,21.419708,51.17505,70.55,83.15472958
7/14/2025 3:25:49 PM,21.419708,51.143824,70.55,82.975127128
7/14/2025 3:25:54 PM,21.419708,51.081612,70.55,82.572727914
7/14/2025 3:25:59 PM,21.419708,51.010712,70.55,82.628156
7/14/2025 3:26:04 PM,21.419708,51.016144,70.55,82.984838444
7/14/2025 3:26:09 PM,21.419708,50.975936,70.55,82.800404478
7/14/2025 3:26:14 PM,21.419708,51.048416,70.55,82.88638015
7/14/2025 3:26:19 PM,21.419708,50.87672,70.55,83.41688266
7/14/2025 3:26:24 PM,21.419708,50.830946,70.55,83.748977839
7/14/2025 3:26:29 PM,21.419708,50.934166,70.55,83.596982155
7/14/2025 3:26:34 PM,21.419708,50.861948,70.55,83.351597348
7/14/2025 3:26:39 PM,21.419708,50.945004,70.55,83.09636983
7/14/2025 3:26:44 PM,21.419708,50.914076,70.55,82.46480836
7/14/2025 3:26:49 PM,21.368028493,50.91627,70.55,82.86470572
7/14/2025 3:26:54 PM,20.873413,50.870032,70.55,83.264437136
7/14/2025 3:26:59 PM,20.8594287266,50.973086,70.55,83.00166448
7/14/2025 3:27:04 PM,20.8503687682,50.898442,70.55,83.611421712
7/14/2025 3:27:09 PM,20.830708,50.91904,70.55,83.761650314
7/14/2025 3:27:14 PM,20.830708,50.796202,70.55,83.077115726
7/14/2025 3:27:19 PM,20.830708,50.58021,70.55,83.30098337
7/14/2025 3:27:24 PM,20.830708,50.701614,70.55,82.983874298
7/14/2025 3:27:29 PM,20.830708,50.763632,70.55,81.61063
7/14/2025 3:27:34 PM,20.830708,50.94008,70.55,83.209267512
7/14/2025 3:27:39 PM,20.830708,50.980216,70.55,83.2128
7/14/2025 3:27:44 PM,20.830708,51.035304,70.55,81.8776346864
7/14/2025 3:27:49 PM,20.830708,51.061272,70.55,81.585236
7/14/2025 3:27:54 PM,20.830708,50.870288,70.55,83.2456574732
7/14/2025 3:27:59 PM,20.830708,50.962376,70.55,81.1793
7/14/2025 3:28:04 PM,20.830708,50.882446,70.55,84.60373318
7/14/2025 3:28:09 PM,20.830708,50.882054,70.55,84.29872
7/14/2025 3:28:14 PM,20.830708,50.996784,70.55,82.291477161
7/14/2025 3:28:19 PM,20.830708,50.954124,70.55,83.19979
7/14/2025 3:28:24 PM,20.830708,50.92374,70.55,81.55747
7/14/2025 3:28:29 PM,20.8053785508,51.159532,70.55,82.34859
7/14/2025 3:28:34 PM,20.506802,50.96742,70.55,81.267734589
7/14/2025 3:28:39 PM,20.506802,50.988798,70.55,83.10826
7/14/2025 3:28:44 PM,20.506802,51.0096,70.55,83.605366588
7/14/2025 3:28:49 PM,20.506802,51.063134,70.55,83.225784
7/14/2025 3:28:54 PM,20.506802,51.126112,70.55,83.5421384632
7/14/2025 3:28:59 PM,20.506802,51.105126,70.55,83.349144
7/14/2025 3:29:04 PM,20.506802,51.09,70.55,82.6397620366
7/14/2025 3:29:09 PM,20.506802,50.970896,70.55,82.483505
7/14/2025 3:29:14 PM,20.506802,51.192632,70.55,81.801934103
7/14/2025 3:29:19 PM,20.506802,50.994318,70.55,84.049416
7/14/2025 3:29:24 PM,20.506802,50.969776,70.55,82.6028085868
7/14/2025 3:29:29 PM,20.506802,50.969442,70.55,82.96589
7/14/2025 3:29:34 PM,20.4508169548,50.993232,70.55,84.4738737048
7/14/2025 3:29:39 PM,20.296963,50.98022,70.55,83.86754
7/14/2025 3:29:44 PM,20.296963,51.186082,70.55,82.468887449
7/14/2025 3:29:49 PM,20.296963,51.098802,70.55,83.12801
7/14/2025 3:29:54 PM,20.296963,51.280704,70.55,83.174480743
7/14/2025 3:29:59 PM,20.296963,51.238814,70.55,81.76503
7/14/2025 3:30:04 PM,20.296963,50.981832,70.55,83.643643908
7/14/2025 3:30:09 PM,20.296963,50.95873,70.55,83.48262
7/14/2025 3:30:14 PM,20.296963,50.947984,70.55,82.60607645
7/14/2025 3:30:19 PM,20.296963,51.10276,70.55,82.510864324
7/14/2025 3:30:24 PM,20.296963,51.085504,70.55,82.69182184
7/14/2025 3:30:29 PM,20.296963,51.051092,70.55,82.359258353
7/14/2025 3:30:34 PM,20.296963,51.03416,70.55,82.644508913
7/14/2025 3:30:39 PM,20.296963,51.011724,70.55,81.649438492
7/14/2025 3:30:44 PM,20.1428855472,51.241018,70.55,81.9208113588
7/14/2025 3:30:49 PM,20.063229,51.311378,70.55,83.0688447748
7/14/2025 3:30:54 PM,20.063229,51.09006,70.55,82.663854483
7/14/2025 3:30:59 PM,20.063229,51.272078,70.55,82.586413522
7/14/2025 3:31:04 PM,20.063229,51.082276,70.55,82.627120762
7/14/2025 3:31:09 PM,20.063229,51.151074,70.55,83.75160646
7/14/2025 3:31:14 PM,20.063229,51.232304,70.55,84.1073004
7/14/2025 3:31:19 PM,20.063229,51.29058,70.55,83.286790512
7/14/2025 3:31:24 PM,20.063229,51.166212,70.55,83.3731715044
7/14/2025 3:31:29 PM,20.063229,50.987232,70.55,83.368060552
7/14/2025 3:31:34 PM,20.063229,51.039622,70.55,83.283844472
7/14/2025 3:31:39 PM,20.063229,51.01229,70.55,83.455334136
7/14/2025 3:31:44 PM,20.063229,50.968102,70.55,83.571710438
7/14/2025 3:31:49 PM,20.063229,51.036928,70.55,83.11737629
7/14/2025 3:31:54 PM,20.063229,51.069754,70.55,82.91343324
7/14/2025 3:31:59 PM,19.843792674,50.986142,70.55,82.715412268
7/14/2025 3:32:04 PM,19.79998533,51.188904,70.55,82.002062698
7/14/2025 3:32:09 PM,19.788082,51.12134,70.55,82.595998736
7/14/2025 3:32:14 PM,19.788082,51.01789,70.55,83.801860112
7/14/2025 3:32:19 PM,19.788082,50.988484,70.55,82.822002414
7/14/2025 3:32:24 PM,19.788082,51.029824,70.55,82.710628154
7/14/2025 3:32:29 PM,19.788082,51.00495,70.55,83.295688876
7/14/2025 3:32:34 PM,19.788082,51.066184,70.55,82.9480064928
7/14/2025 3:32:39 PM,19.726346976,50.985014,70.55,82.8418719928
7/14/2025 3:32:44 PM,19.64841,50.83708,70.55,82.26883003
7/14/2025 3:32:49 PM,19.64841,50.90122,70.55,81.913450531
7/14/2025 3:32:54 PM,19.64841,50.856638,70.55,83.256381512
7/14/2025 3:32:59 PM,19.5992950792,50.903878,70.55,81.927292498
7/14/2025 3:33:04 PM,19.589912,50.960646,70.55,81.71821237
7/14/2025 3:33:09 PM,19.589912,50.84288,70.55,83.717018986
7/14/2025 3:33:14 PM,19.5481143528,50.900136,70.55,83.4469716704
7/14/2025 3:33:19 PM,19.52446,50.916474,70.55,83.1146307504
7/14/2025 3:33:24 PM,19.52446,50.840436,70.55,83.11807776
7/14/2025 3:33:29 PM,19.4998803988,51.003972,70.55,82.6706231656
7/14/2025 3:33:34 PM,19.468033,51.051682,70.55,83.5686153436
7/14/2025 3:33:39 PM,19.468033,50.862082,70.55,84.332178176
7/14/2025 3:33:44 PM,19.468033,51.12992,70.55,84.809469952
7/14/2025 3:33:49 PM,19.468033,51.09184,70.55,83.04360879
7/14/2025 3:33:54 PM,19.468033,50.986838,70.55,83.421091906
7/14/2025 3:33:59 PM,19.468033,51.045224,70.55,84.223512976
7/14/2025 3:34:04 PM,19.468033,50.94,70.55,83.051753095
7/14/2025 3:34:09 PM,19.4119243436,51.072712,70.55,82.9055086736
7/14/2025 3:34:14 PM,19.338272,51.193444,70.55,83.3134278136
7/14/2025 3:34:19 PM,19.338272,51.386602,70.55,82.4112371032
7/14/2025 3:34:24 PM,19.338272,51.20189,70.55,81.921242328
7/14/2025 3:34:29 PM,19.338272,51.071996,70.55,82.412820716
7/14/2025 3:34:34 PM,19.338272,51.217732,70.55,81.2152799608
7/14/2025 3:34:39 PM,19.338272,51.155626,70.55,83.085455284
7/14/2025 3:34:44 PM,19.338272,51.190922,70.55,82.582937206
7/14/2025 3:34:49 PM,19.338272,51.306954,70.55,83.620924061
7/14/2025 3:34:54 PM,19.338272,51.24992,70.55,83.5132537378
7/14/2025 3:34:59 PM,19.338272,51.326706,70.55,82.95844799
7/14/2025 3:35:04 PM,19.338272,51.292764,70.55,82.4711056128
7/14/2025 3:35:09 PM,19.338272,51.356384,70.55,82.37730071
7/14/2025 3:35:14 PM,19.338272,51.370842,70.55,81.901774806
7/14/2025 3:35:19 PM,19.338272,51.412504,70.55,82.420035328
7/14/2025 3:35:24 PM,19.338272,51.344216,70.55,82.0414407484
7/14/2025 3:35:29 PM,19.338272,51.25682,70.55,83.6644139248
7/14/2025 3:35:34 PM,19.338272,51.336234,70.55,83.9572820948
7/14/2025 3:35:39 PM,19.338272,51.069094,70.55,83.723868944
7/14/2025 3:35:44 PM,19.338272,51.205458,70.55,81.885209993
7/14/2025 3:35:49 PM,19.190529248,51.02587,70.55,82.479131773
7/14/2025 3:35:54 PM,18.9854762696,51.11323,70.55,84.010504904
7/14/2025 3:35:59 PM,18.984806,51.024216,70.55,83.767182996
7/14/2025 3:36:04 PM,18.96914279,51.04,70.55,83.8377243232
7/14/2025 3:36:09 PM,19.0238653194,50.941788,70.55,82.2836661124
7/14/2025 3:36:14 PM,19.2041307712,50.804952,70.55,82.303226672
7/14/2025 3:36:19 PM,19.347452147,50.941528,70.55,83.010074432
7/14/2025 3:36:24 PM,19.63688862,51.001556,70.55,83.423743538
7/14/2025 3:36:29 PM,19.807670536,50.973674,70.55,83.290805312
7/14/2025 3:36:34 PM,19.9653479252,50.8958,70.55,83.4987865312
7/14/2025 3:36:39 PM,20.2004698616,50.869448,70.55,83.9427790928
7/14/2025 3:36:44 PM,20.387579718,50.644508,70.55,83.0926594
7/14/2025 3:36:49 PM,20.4931101592,50.790164,70.55,82.717894968
7/14/2025 3:36:54 PM,20.622547959,50.578704,70.55,82.149224064
7/14/2025 3:36:59 PM,20.763954807,50.641628,70.55,82.963302936
7/14/2025 3:37:04 PM,21.0573907626,50.728064,70.55,83.87025726
7/14/2025 3:37:09 PM,21.2126793072,50.759466,70.55,82.25853077
7/14/2025 3:37:14 PM,21.313832298,50.782618,70.55,82.46783832
7/14/2025 3:37:19 PM,21.4290454616,50.701952,70.55,82.99674318
7/14/2025 3:37:24 PM,21.52039,50.803332,70.55,82.5234993504
7/14/2025 3:37:29 PM,21.6625565312,50.857204,70.55,83.007476016
7/14/2025 3:37:34 PM,21.884052,50.801392,70.55,83.89571205
7/14/2025 3:37:39 PM,22.02148804,50.90534,70.55,83.148632514
7/14/2025 3:37:44 PM,22.234030852,50.870134,70.55,83.407827664
7/14/2025 3:37:49 PM,22.3996947448,51.009266,70.55,84.397142215
7/14/2025 3:37:54 PM,22.582082687,50.907356,70.55,83.787426393
7/14/2025 3:37:59 PM,22.6170350216,50.97995,70.55,82.817674938
7/14/2025 3:38:04 PM,22.8559420564,50.918186,70.55,82.6614036868
7/14/2025 3:38:09 PM,22.996126231,50.981824,70.55,82.9139913648
7/14/2025 3:38:14 PM,23.017426,50.90038,70.55,84.1036252808
7/14/2025 3:38:19 PM,23.2191146144,50.836922,70.55,82.8681973472
7/14/2025 3:38:24 PM,23.5039436958,50.856852,70.55,83.28437714
7/14/2025 3:38:29 PM,23.592922,50.617572,70.55,82.75871391
7/14/2025 3:38:34 PM,23.7121763708,50.733972,70.55,81.929480684
7/14/2025 3:38:39 PM,23.8890071598,50.838276,70.55,82.99846143
7/14/2025 3:38:44 PM,24.0605527544,50.819952,70.55,82.780713079
7/14/2025 3:38:49 PM,24.190837751,50.876,70.55,82.1379888416
7/14/2025 3:38:54 PM,24.3058267552,50.650128,70.55,82.5674385968
7/14/2025 3:38:59 PM,24.4817038144,50.690012,70.55,83.241862817
7/14/2025 3:39:04 PM,24.643861755,50.618306,70.55,83.860786682
7/14/2025 3:39:09 PM,24.7327751616,50.56559,70.55,82.388345348
7/14/2025 3:39:14 PM,24.9317407474,50.474702,70.55,81.116485452
7/14/2025 3:39:19 PM,25.06556787,50.53902,70.55,82.88036682
7/14/2025 3:39:24 PM,25.1832516978,50.704732,70.55,82.733768172
7/14/2025 3:39:29 PM,25.398664374,50.41502,70.55,83.350968238
7/14/2025 3:39:34 PM,25.437492,50.355628,70.55,84.04335168
7/14/2025 3:39:39 PM,25.5332958616,50.511284,70.55,84.86472751
7/14/2025 3:39:44 PM,25.7278650124,50.532032,70.55,84.075427576
7/14/2025 3:39:49 PM,25.912762,50.481256,70.55,83.128774064
7/14/2025 3:39:54 PM,26.0429306142,50.4229,70.55,83.638730404
7/14/2025 3:39:59 PM,26.176525,50.322788,70.55,83.45368
7/14/2025 3:40:04 PM,26.3750246278,50.24093,70.55,83.744035704
7/14/2025 3:40:09 PM,26.503071056,50.246794,70.55,83.45445
7/14/2025 3:40:14 PM,26.6563690832,50.3465,70.55,82.604322576
7/14/2025 3:40:19 PM,26.75274,50.254242,70.55,82.38677
7/14/2025 3:40:24 PM,26.8879505506,50.160058,70.55,82.912518844
7/14/2025 3:40:29 PM,26.98482278,50.022114,70.55,81.60565
7/14/2025 3:40:34 PM,27.170832938,49.987588,70.55,83.613794848
7/14/2025 3:40:39 PM,27.382681856,50.011186,70.55,83.34742
7/14/2025 3:40:44 PM,27.40115,49.938338,70.55,81.942299972
7/14/2025 3:40:49 PM,27.5574589096,49.974954,70.55,81.407486
7/14/2025 3:40:54 PM,27.7433280006,49.865744,70.55,83.27192608
7/14/2025 3:40:59 PM,27.846909,50.16112,70.55,83.92119
7/14/2025 3:41:04 PM,27.846909,49.989214,70.55,83.054668386
7/14/2025 3:41:09 PM,28.1014703148,49.923846,70.55,82.44347
7/14/2025 3:41:14 PM,28.17546,49.915236,70.55,82.9836104924
7/14/2025 3:41:19 PM,28.17546,49.954824,70.55,82.54758
7/14/2025 3:41:24 PM,28.60821837,49.9374,70.55,83.55169956
7/14/2025 3:41:29 PM,28.6921331944,49.848292,70.55,84.53239
7/14/2025 3:41:34 PM,28.9298368024,49.906228,70.55,81.75415516
7/14/2025 3:41:39 PM,29.0062604862,49.897284,70.55,81.33144
7/14/2025 3:41:44 PM,29.16004452,49.973096,70.55,82.89283294
7/14/2025 3:41:49 PM,29.3194482968,50.108478,70.55,82.95439
7/14/2025 3:41:54 PM,29.4846266682,49.879534,70.55,83.3083237076
7/14/2025 3:41:59 PM,29.636990901,49.914896,70.55,83.32470096
7/14/2025 3:42:04 PM,29.713839,49.79036,70.55,83.21242395
7/14/2025 3:42:09 PM,29.8462637442,49.8036,70.55,81.354394546
7/14/2025 3:42:14 PM,30.0848820486,49.999722,70.55,81.836528222
7/14/2025 3:42:19 PM,30.2167128576,49.933426,70.55,85.285383344
7/14/2025 3:42:24 PM,30.3405786868,49.750168,70.55,85.284496416
7/14/2025 3:42:29 PM,30.43837452,49.5923,70.55,84.00694818
7/14/2025 3:42:34 PM,30.6055098048,49.62659,70.55,84.2551776
7/14/2025 3:42:39 PM,30.706455042,49.684532,70.55,82.307643392
7/14/2025 3:42:44 PM,30.8305668812,49.568954,70.55,82.234571965
7/14/2025 3:42:49 PM,30.9929462802,49.48724,70.55,84.220817318
7/14/2025 3:42:54 PM,31.131252887,49.73019,70.55,84.2125217
7/14/2025 3:42:59 PM,31.164854,49.648938,70.55,81.388933142
7/14/2025 3:43:04 PM,31.4311249842,49.662588,70.55,81.759539954
7/14/2025 3:43:09 PM,31.5949195088,49.63302,70.55,82.0888755296
7/14/2025 3:43:14 PM,31.7443382126,49.66382,70.55,83.627028144
7/14/2025 3:43:19 PM,31.8847614428,49.62127,70.55,83.954122208
7/14/2025 3:43:24 PM,32.0239211992,49.535822,70.55,83.989552202
7/14/2025 3:43:29 PM,32.1429872956,49.435448,70.55,82.200636788
7/14/2025 3:43:34 PM,32.267024702,49.440472,70.55,82.770974515
7/14/2025 3:43:39 PM,32.4387461888,49.42804,70.55,82.754671455
7/14/2025 3:43:44 PM,32.5821797694,49.44141,70.55,81.953767992
7/14/2025 3:43:49 PM,32.586025,49.297664,70.55,82.83870081
7/14/2025 3:43:54 PM,32.642342464,49.416804,70.55,82.847257392
7/14/2025 3:43:59 PM,32.9963562136,49.162228,70.55,84.15572175
7/14/2025 3:44:04 PM,33.158135192,49.24833,70.55,85.1077579472
7/14/2025 3:44:09 PM,33.22643,49.2098,70.55,83.3593611992
7/14/2025 3:44:14 PM,33.2696218344,49.153902,70.55,83.783817578
7/14/2025 3:44:19 PM,33.512848,49.13928,70.55,82.8692223308
7/14/2025 3:44:24 PM,33.5569494312,49.17041,70.55,83.6117739872
7/14/2025 3:44:29 PM,33.808434,49.09713,70.55,83.6781148
7/14/2025 3:44:34 PM,33.9599916832,49.143944,70.55,83.635903464
7/14/2025 3:44:39 PM,34.1072947644,49.142944,70.55,83.123619374
7/14/2025 3:44:44 PM,34.2762271452,49.096308,70.55,83.1044337712
7/14/2025 3:44:49 PM,34.4228534112,49.127076,70.55,82.134634392
7/14/2025 3:44:54 PM,34.5554541238,49.156152,70.55,82.58055023
7/14/2025 3:44:59 PM,34.647865,49.185548,70.55,82.854895788
7/14/2025 3:45:04 PM,34.7789992414,49.120124,70.55,83.26153984
7/14/2025 3:45:09 PM,34.9529204816,49.166208,70.55,82.154780134
7/14/2025 3:45:14 PM,35.1049120896,49.299336,70.55,83.6343853
7/14/2025 3:45:19 PM,35.281624,49.280456,70.55,82.695551984
7/14/2025 3:45:24 PM,35.3745745408,49.247394,70.55,83.517464632
7/14/2025 3:45:29 PM,35.4535,49.26,70.55,82.446730344
7/14/2025 3:45:34 PM,35.6205192664,49.20384,70.55,82.286825364
7/14/2025 3:45:39 PM,35.8326593712,48.895916,70.55,83.97077652
7/14/2025 3:45:44 PM,35.9548234496,49.051658,70.55,82.62082982
7/14/2025 3:45:49 PM,36.106144,48.960928,70.55,82.254935928
7/14/2025 3:45:54 PM,36.1410008686,48.963936,70.55,81.96689169
7/14/2025 3:45:59 PM,36.4146320824,49.001722,70.55,83.314684868
7/14/2025 3:46:04 PM,36.51363032,49.048,70.55,82.51296197
7/14/2025 3:46:09 PM,36.691748788,49.218188,70.55,85.0824447
7/14/2025 3:46:14 PM,36.72192,49.125358,70.55,85.146420884
7/14/2025 3:46:19 PM,36.72192,49.093054,70.55,82.624946586
7/14/2025 3:46:24 PM,36.95411922,49.07312,70.55,83.342708524
7/14/2025 3:46:29 PM,37.15675,49.08534,70.55,83.335007628
7/14/2025 3:46:34 PM,37.2954447264,48.833114,70.55,83.0948216
7/14/2025 3:46:39 PM,37.5005099804,48.875306,70.55,84.26353744
7/14/2025 3:46:44 PM,37.6135169088,48.90474,70.55,82.402294192
7/14/2025 3:46:49 PM,37.755089776,48.730636,70.55,82.45083933
7/14/2025 3:46:54 PM,37.9084346256,48.66388,70.55,81.98309776
7/14/2025 3:46:59 PM,37.974102,48.752872,70.55,82.8023906
7/14/2025 3:47:04 PM,38.1475967308,48.61872,70.55,83.757800464
7/14/2025 3:47:09 PM,38.16134,48.554926,70.55,82.7234212
7/14/2025 3:47:14 PM,38.441682216,48.589952,70.55,83.610421648
7/14/2025 3:47:19 PM,38.46402,48.630666,70.55,82.665101392
7/14/2025 3:47:24 PM,38.46402,48.411476,70.55,84.00772575
7/14/2025 3:47:29 PM,38.80395267,48.280332,70.55,84.647908716
7/14/2025 3:47:34 PM,38.93367,48.332828,70.55,83.55677176
7/14/2025 3:47:39 PM,39.14549528,48.276556,70.55,82.620262226
7/14/2025 3:47:44 PM,39.331973424,48.383814,70.55,82.759296868
7/14/2025 3:47:49 PM,39.466723074,48.405368,70.55,84.752160836
7/14/2025 3:47:54 PM,39.6352713796,48.35412,70.55,83.94450552
7/14/2025 3:47:59 PM,39.721196104,48.601876,70.55,82.402260908
7/14/2025 3:48:04 PM,39.79409,48.561204,70.55,83.143187484
7/14/2025 3:48:09 PM,39.88925582,48.478372,70.55,82.364612064
7/14/2025 3:48:14 PM,40.1732941032,48.444138,70.55,82.531564773
7/14/2025 3:48:19 PM,40.242215698,48.445484,70.55,82.923314515
7/14/2025 3:48:24 PM,40.4384522368,48.41,70.55,82.81049039
7/14/2025 3:48:29 PM,40.5519611372,48.378652,70.55,83.016159248
7/14/2025 3:48:34 PM,40.602858775,48.401058,70.55,83.751395968
7/14/2025 3:48:39 PM,40.85487832,48.443656,70.55,82.38038122
7/14/2025 3:48:44 PM,40.99432481,48.467476,70.55,82.188221702
7/14/2025 3:48:49 PM,41.006294,48.42548,70.55,82.136100892
7/14/2025 3:48:54 PM,41.0464286132,48.56228,70.55,82.70043425
7/14/2025 3:48:59 PM,41.364,48.48753,70.55,83.979615775
7/14/2025 3:49:04 PM,41.490800604,48.375332,70.55,82.40899414
7/14/2025 3:49:09 PM,41.612045,48.418942,70.55,83.3641167458
7/14/2025 3:49:14 PM,41.645443956,48.505564,70.55,83.1910528608
7/14/2025 3:49:19 PM,41.9748563616,48.6522,70.55,82.608767966
7/14/2025 3:49:24 PM,42.0638078156,48.541082,70.55,82.58751324
7/14/2025 3:49:29 PM,42.2470519948,48.39704,70.55,82.495095936
7/14/2025 3:49:34 PM,42.322548,48.49823,70.55,82.34673715
7/14/2025 3:49:39 PM,42.456587042,48.563936,70.55,82.8924001
7/14/2025 3:49:44 PM,42.541018841,48.371274,70.55,83.7607901464
7/14/2025 3:49:49 PM,42.78701,48.328436,70.55,83.4191230832
7/14/2025 3:49:54 PM,42.9025037,48.179854,70.55,83.289588695
7/14/2025 3:49:59 PM,43.051671366,48.184468,70.55,83.166077866
7/14/2025 3:50:04 PM,43.1704742386,48.259592,70.55,83.60702427
7/14/2025 3:50:09 PM,43.3587044888,48.326018,70.55,83.11632826
7/14/2025 3:50:14 PM,43.473135278,48.234948,70.55,83.265633952
7/14/2025 3:50:19 PM,43.641282196,48.324448,70.55,84.13992043
7/14/2025 3:50:24 PM,43.7791030768,48.252984,70.55,84.501696914
7/14/2025 3:50:29 PM,43.8948253246,48.205564,70.55,82.5862298444
7/14/2025 3:50:34 PM,44.0264879332,48.234554,70.55,83.9366602872
7/14/2025 3:50:39 PM,44.1867051418,48.210828,70.55,83.19564125
7/14/2025 3:50:44 PM,44.307785,48.203252,70.55,83.4590269056
7/14/2025 3:50:49 PM,44.40299468,48.071776,70.55,83.6900511168
7/14/2025 3:50:54 PM,44.5946802228,48.14669,70.55,83.391046364
7/14/2025 3:50:59 PM,44.636818,48.058654,70.55,82.360421062
7/14/2025 3:51:04 PM,44.8227287848,47.98178,70.55,82.312401972
7/14/2025 3:51:09 PM,45.023397591,47.901354,70.55,81.74064022
7/14/2025 3:51:14 PM,45.037605,47.946408,70.55,82.774700618
7/14/2025 3:51:19 PM,45.195871091,47.839994,70.55,83.789492318
7/14/2025 3:51:24 PM,45.36232,47.930258,70.55,82.78951352
7/14/2025 3:51:29 PM,45.500096678,47.926808,70.55,82.29124226
7/14/2025 3:51:34 PM,45.648758,47.817058,70.55,82.995679532
7/14/2025 3:51:39 PM,45.8681590068,47.937756,70.55,83.662842652
7/14/2025 3:51:44 PM,45.96266,48.052168,70.55,83.15265925
7/14/2025 3:51:49 PM,45.96266,48.081538,70.55,82.442940864
7/14/2025 3:51:54 PM,45.96266,48.033644,70.55,82.51226784
7/14/2025 3:51:59 PM,45.999760014,48.045036,70.55,83.407214812
7/14/2025 3:52:04 PM,46.5658937868,47.977014,70.55,83.116568725
7/14/2025 3:52:09 PM,46.674736,47.916334,70.55,83.45209962
7/14/2025 3:52:14 PM,46.674736,47.96575,70.55,84.297622848
7/14/2025 3:52:19 PM,46.674736,47.98126,70.55,83.849082332
7/14/2025 3:52:24 PM,46.8096179668,47.927924,70.55,82.61772554
7/14/2025 3:52:29 PM,47.184494,47.858894,70.55,82.893493504
7/14/2025 3:52:34 PM,47.3516239892,47.95494,70.55,83.830378792
7/14/2025 3:52:39 PM,47.43612,47.936626,70.55,83.009221634
7/14/2025 3:52:44 PM,47.594475756,47.975602,70.55,82.53525729
7/14/2025 3:52:49 PM,47.764717894,47.995826,70.55,83.789344056
7/14/2025 3:52:54 PM,47.89798,47.848334,70.55,83.82144
7/14/2025 3:52:59 PM,48.028495729,47.812126,70.55,81.528914096
7/14/2025 3:53:04 PM,48.160645,47.833442,70.55,82.22819
7/14/2025 3:53:09 PM,48.3522783904,47.85967,70.55,82.445360462
7/14/2025 3:53:14 PM,48.383682,47.857388,70.55,82.20454
7/14/2025 3:53:19 PM,48.524413322,47.677796,70.55,83.623459284
7/14/2025 3:53:24 PM,48.691628,47.60441,70.55,82.49156
7/14/2025 3:53:29 PM,48.691628,47.516444,70.55,83.20613037
7/14/2025 3:53:34 PM,48.8019645112,47.51542,70.55,83.60436
7/14/2025 3:53:39 PM,49.125,47.505666,70.55,83.395761696
7/14/2025 3:53:44 PM,49.190033168,47.471668,70.55,82.5884
7/14/2025 3:53:49 PM,49.4353291442,47.314782,70.55,83.714211726
7/14/2025 3:53:54 PM,49.604065361,47.200686,70.55,83.08083
7/14/2025 3:53:59 PM,49.669099214,47.250854,70.55,82.3293539544
7/14/2025 3:54:04 PM,49.8769904656,47.240116,70.55,82.356766
7/14/2025 3:54:09 PM,49.905815,47.285998,70.55,83.2378758648
7/14/2025 3:54:14 PM,49.905815,47.200502,70.55,82.74774
7/14/2025 3:54:19 PM,49.905815,46.996644,70.55,82.687400064
7/14/2025 3:54:24 PM,50.0511873136,47.075156,70.55,82.36966
7/14/2025 3:54:29 PM,50.5110152574,47.084142,70.55,83.1367686
7/14/2025 3:54:34 PM,50.691974172,46.98387,70.55,83.59893
7/14/2025 3:54:39 PM,50.77396528,46.980516,70.55,82.832466562
7/14/2025 3:54:44 PM,50.9133428512,46.942262,70.55,83.231400992
7/14/2025 3:54:49 PM,51.06346,47.026034,70.55,83.81967936
7/14/2025 3:54:54 PM,51.06346,47.01426,70.55,83.802798272
7/14/2025 3:54:59 PM,51.080953134,47.04404,70.55,82.796567196
7/14/2025 3:55:04 PM,51.51665,47.097106,70.55,82.800475344
7/14/2025 3:55:09 PM,51.5910443,47.000954,70.55,82.849536556
7/14/2025 3:55:14 PM,51.6865,47.042154,70.55,82.616396854
7/14/2025 3:55:19 PM,51.831834292,47.051444,70.55,82.738308776
7/14/2025 3:55:24 PM,52.01953,47.121476,70.55,83.1372493804
7/14/2025 3:55:29 PM,52.029143264,47.182008,70.55,83.414208286
7/14/2025 3:55:34 PM,52.29737,47.258096,70.55,82.695016732
7/14/2025 3:55:39 PM,52.4063898568,47.25136,70.55,81.5466123764
7/14/2025 3:55:44 PM,52.6071796032,47.182442,70.55,81.587470862
7/14/2025 3:55:49 PM,52.723369488,47.103376,70.55,82.8693739996
7/14/2025 3:55:54 PM,52.832104,47.12112,70.55,83.1315407884
7/14/2025 3:55:59 PM,52.832104,47.130508,70.55,82.665103296
7/14/2025 3:56:04 PM,52.832104,47.220476,70.55,83.197466394
7/14/2025 3:56:09 PM,52.832104,47.183438,70.55,83.84615882
7/14/2025 3:56:14 PM,53.214069038,47.214678,70.55,82.8801727024
7/14/2025 3:56:19 PM,53.570694164,47.08446,70.55,82.854732668
7/14/2025 3:56:24 PM,53.59783,47.121544,70.55,83.813958476
7/14/2025 3:56:29 PM,53.810161278,47.015516,70.55,83.499971888
7/14/2025 3:56:34 PM,54.020764361,46.83581,70.55,83.44248474
7/14/2025 3:56:39 PM,54.056,46.934326,70.55,83.934647616
7/14/2025 3:56:44 PM,54.19676564,46.832192,70.55,83.332173856
7/14/2025 3:56:49 PM,54.3654614836,46.789648,70.55,83.21111096
7/14/2025 3:56:54 PM,54.480778,46.95388,70.55,83.255979125
7/14/2025 3:56:59 PM,54.483424531,46.898946,70.55,81.912399673
7/14/2025 3:57:04 PM,54.8045900516,46.9302,70.55,82.605250316
7/14/2025 3:57:09 PM,54.91706,46.892832,70.55,83.017841775
7/14/2025 3:57:14 PM,54.91706,46.78512,70.55,82.81867945
7/14/2025 3:57:19 PM,55.0647120752,46.690538,70.55,83.535957374
7/14/2025 3:57:24 PM,55.280556,46.82634,70.55,82.770516764
7/14/2025 3:57:29 PM,55.4881744044,46.691742,70.55,82.286206008
7/14/2025 3:57:34 PM,55.538403,46.58341,70.55,82.287704336
7/14/2025 3:57:39 PM,55.7077640586,46.64675,70.55,81.6997776
7/14/2025 3:57:44 PM,55.879624968,46.659294,70.55,82.0900021168
7/14/2025 3:57:49 PM,56.012175078,46.604262,70.55,82.2949631688
7/14/2025 3:57:54 PM,56.081562,46.419488,70.55,82.953304928
7/14/2025 3:57:59 PM,56.081562,46.510114,70.55,83.718926396
7/14/2025 3:58:04 PM,56.081562,46.343246,70.55,83.0868372672
7/14/2025 3:58:09 PM,56.4798746294,46.354486,70.55,82.510190062
7/14/2025 3:58:14 PM,56.6195761564,46.44161,70.55,81.914946112
7/14/2025 3:58:19 PM,56.784786,46.478956,70.55,82.112121568
7/14/2025 3:58:24 PM,56.9635394904,46.60846,70.55,83.0595097
7/14/2025 3:58:29 PM,57.0857552824,46.790264,70.55,83.68129264
7/14/2025 3:58:34 PM,57.117443,46.599624,70.55,84.1702792
7/14/2025 3:58:39 PM,57.2413662056,46.542018,70.55,83.528219096
7/14/2025 3:58:44 PM,57.4584257892,46.657776,70.55,82.6286407
7/14/2025 3:58:49 PM,57.6413424184,46.753846,70.55,82.103284696
7/14/2025 3:58:54 PM,57.661938,46.687938,70.55,82.24067005
7/14/2025 3:58:59 PM,57.661938,46.556054,70.55,82.604563856
7/14/2025 3:59:04 PM,58.02693172,46.672018,70.55,83.9401675104
7/14/2025 3:59:09 PM,58.03249,46.616132,70.55,83.80819636
7/14/2025 3:59:14 PM,58.28799136,46.71775,70.55,84.28085609
7/14/2025 3:59:19 PM,58.29241,46.638608,70.55,83.721736988
7/14/2025 3:59:24 PM,58.3593410644,46.659662,70.55,82.849976
7/14/2025 3:59:29 PM,58.667164,46.596132,70.55,82.7441678696
7/14/2025 3:59:34 PM,58.7869104774,46.730738,70.55,82.14314
7/14/2025 3:59:39 PM,58.874123,46.58477,70.55,83.001990028
7/14/2025 3:59:44 PM,58.874123,46.499672,70.55,84.14053
7/14/2025 3:59:49 PM,59.188305474,46.615836,70.55,83.850917858
7/14/2025 3:59:54 PM,59.278893,46.596696,70.55,83.02966
7/14/2025 3:59:59 PM,59.278893,46.497072,70.55,82.8591295056
7/14/2025 4:00:04 PM,59.6047995456,46.398818,70.55,83.325356
7/14/2025 4:00:09 PM,59.61669,46.313036,70.55,83.2667108144
7/14/2025 4:00:14 PM,59.91187385,46.371452,70.55,82.89498
7/14/2025 4:00:19 PM,59.92258,46.32012,70.55,82.232681348
7/14/2025 4:00:24 PM,59.92258,46.23648,70.55,82.9053811616
7/14/2025 4:00:29 PM,60.0751156672,46.17532,70.55,82.9594915764
7/14/2025 4:00:34 PM,60.3798043172,46.270272,70.55,83.27073825
7/14/2025 4:00:39 PM,60.530834,46.1943,70.55,82.707092838
7/14/2025 4:00:44 PM,60.5681149484,46.150724,70.55,81.976257317
7/14/2025 4:00:49 PM,60.8117484012,46.050864,70.55,81.9404130822
7/14/2025 4:00:54 PM,60.884636,46.033146,70.55,82.9863514912
7/14/2025 4:00:59 PM,61.0194708512,45.808764,70.55,82.808792956
7/14/2025 4:01:04 PM,61.099912204,45.746958,70.55,82.91576463
7/14/2025 4:01:09 PM,61.300957,45.845084,70.55,82.033638154
7/14/2025 4:01:14 PM,61.3996113954,45.89496,70.55,81.399327896
7/14/2025 4:01:19 PM,61.5427471168,45.86257,70.55,82.416325908
7/14/2025 4:01:24 PM,61.7458457272,45.916562,70.55,83.762475756
7/14/2025 4:01:29 PM,61.8134143792,45.867248,70.55,83.5288793612
7/14/2025 4:01:34 PM,61.994558214,45.859328,70.55,82.3882017056
7/14/2025 4:01:39 PM,62.099431769,45.845508,70.55,82.11158307
7/14/2025 4:01:44 PM,62.117928,45.787438,70.55,83.316376066
7/14/2025 4:01:49 PM,62.2339667072,45.78036,70.55,83.0827608
7/14/2025 4:01:54 PM,62.483880862,45.863072,70.55,82.611853374
7/14/2025 4:01:59 PM,62.6512012038,45.931108,70.55,82.881484364
7/14/2025 4:02:04 PM,62.6965511424,46.002974,70.55,83.836158472
7/14/2025 4:02:09 PM,62.86525,45.731812,70.55,83.26167568
7/14/2025 4:02:14 PM,62.9755490608,45.677836,70.55,82.627389288
7/14/2025 4:02:19 PM,62.984158,45.814934,70.55,82.815769822
7/14/2025 4:02:24 PM,62.984158,45.74927,70.55,82.249884074
7/14/2025 4:02:29 PM,63.330197788,45.758384,70.55,82.42338654
7/14/2025 4:02:34 PM,63.459618,45.702246,70.55,82.763690362
7/14/2025 4:02:39 PM,63.6153932976,45.789208,70.55,83.042715632
7/14/2025 4:02:44 PM,63.674362,45.993478,70.55,82.22921
7/14/2025 4:02:49 PM,63.674362,45.866574,70.55,84.167436341
7/14/2025 4:02:54 PM,63.7335649168,45.802832,70.55,83.769005
7/14/2025 4:02:59 PM,64.15335,45.754982,70.55,83.698456215
7/14/2025 4:03:04 PM,64.15335,45.6759,70.55,83.72976
7/14/2025 4:03:09 PM,64.15335,45.689178,70.55,82.259847872
7/14/2025 4:03:14 PM,64.15335,45.811802,70.55,82.02922
7/14/2025 4:03:19 PM,64.554555744,45.779212,70.55,83.245456728
7/14/2025 4:03:24 PM,64.8262615352,45.736472,70.55,83.7011
7/14/2025 4:03:29 PM,64.837036,45.682454,70.55,82.450746398
7/14/2025 4:03:34 PM,64.8705446488,45.579678,70.55,82.51125
7/14/2025 4:03:39 PM,65.15256,45.820126,70.55,82.608644976
7/14/2025 4:03:44 PM,65.15256,45.690064,70.55,84.35057
7/14/2025 4:03:49 PM,65.15256,45.582492,70.55,82.6924455904
7/14/2025 4:03:54 PM,65.400948514,45.578072,70.55,83.368416
7/14/2025 4:03:59 PM,65.72929348,45.571716,70.55,83.445476164
7/14/2025 4:04:04 PM,65.76469,45.542032,70.55,82.9239
7/14/2025 4:04:09 PM,65.76469,45.580998,70.55,83.524188636
7/14/2025 4:04:14 PM,66.07318339,45.549138,70.55,83.46042
7/14/2025 4:04:19 PM,66.10708,45.540416,70.55,83.748788856
7/14/2025 4:04:24 PM,66.343020209,45.560758,70.55,82.80495
7/14/2025 4:04:29 PM,66.371765,45.361436,70.55,83.540283411
7/14/2025 4:04:34 PM,66.614397912,45.395748,70.55,84.002655
7/14/2025 4:04:39 PM,66.644325,45.386324,70.55,82.814311153
7/14/2025 4:04:44 PM,66.67125719,45.34002,70.55,82.13243
7/14/2025 4:04:49 PM,66.95749,45.096938,70.55,82.3553630604
7/14/2025 4:04:54 PM,67.0601944,45.129274,70.55,83.063774
7/14/2025 4:04:59 PM,67.16899,45.10394,70.55,82.9835391816
7/14/2025 4:05:04 PM,67.298378284,45.08103,70.55,83.176346
7/14/2025 4:05:09 PM,67.43566,45.093868,70.55,83.363128392
7/14/2025 4:05:14 PM,67.5447778,45.046108,70.55,82.76404
7/14/2025 4:05:19 PM,67.66111,44.96485,70.55,82.581461584
7/14/2025 4:05:24 PM,67.799105464,45.220894,70.55,83.62286
7/14/2025 4:05:29 PM,67.954094,45.28986,70.55,82.935814566
7/14/2025 4:05:34 PM,67.954094,45.275216,70.55,83.19784
7/14/2025 4:05:39 PM,67.954094,45.23175,70.55,82.5377813616
7/14/2025 4:05:44 PM,67.954094,45.371308,70.55,81.9102
7/14/2025 4:05:49 PM,68.3396288528,45.477724,70.55,83.4702262236
7/14/2025 4:05:54 PM,68.53577,45.432294,70.55,82.22737
7/14/2025 4:05:59 PM,68.53577,45.439382,70.55,83.848283148
7/14/2025 4:06:04 PM,68.849143782,45.33446,70.55,83.36619
7/14/2025 4:06:09 PM,69.00206,45.273702,70.55,83.135385676
7/14/2025 4:06:14 PM,69.00206,45.148076,70.55,83.36238
7/14/2025 4:06:19 PM,69.084768818,45.145154,70.55,83.33885772
7/14/2025 4:06:24 PM,69.32949,45.408284,70.55,83.22684
7/14/2025 4:06:29 PM,69.32949,45.08862,70.55,83.499049038
7/14/2025 4:06:34 PM,69.35031903,45.05968,70.55,83.82465
7/14/2025 4:06:39 PM,69.782295,45.057142,70.55,82.336965532
7/14/2025 4:06:44 PM,69.919971652,44.99202,70.55,81.82015
7/14/2025 4:06:49 PM,70.0014412096,44.943588,70.55,82.743279387
7/14/2025 4:06:54 PM,70.084366,44.856138,70.55,82.33214
7/14/2025 4:06:59 PM,70.2055240106,44.903942,70.55,82.9433910076
7/14/2025 4:07:04 PM,70.376132914,44.885814,70.55,82.59441
7/14/2025 4:07:09 PM,70.39543,44.905656,70.55,83.549494812
7/14/2025 4:07:14 PM,70.39543,44.59756,70.55,82.6056
7/14/2025 4:07:19 PM,70.507211192,44.633104,70.55,82.150199169
7/14/2025 4:07:24 PM,70.86041,44.622544,70.55,81.440575
7/14/2025 4:07:29 PM,70.929103456,44.59812,70.55,83.057038061
7/14/2025 4:07:34 PM,71.15175064,44.574396,70.55,82.66133
7/14/2025 4:07:39 PM,71.25594,44.646496,70.55,82.4384536328
7/14/2025 4:07:44 PM,71.4312496956,44.760506,70.55,83.53408
7/14/2025 4:07:49 PM,71.539474,44.618154,70.55,83.071471406
7/14/2025 4:07:54 PM,71.6448488768,44.556434,70.55,83.35425
7/14/2025 4:07:59 PM,71.6654,44.606096,70.55,82.415234044
7/14/2025 4:08:04 PM,71.677359326,44.722712,70.55,83.36975
7/14/2025 4:08:09 PM,72.034515,44.743614,70.55,82.6625245872
7/14/2025 4:08:14 PM,72.034515,44.65588,70.55,83.333466
7/14/2025 4:08:19 PM,72.034515,44.714352,70.55,82.5189218848
7/14/2025 4:08:24 PM,72.34298784,44.81488,70.55,84.20865
7/14/2025 4:08:29 PM,72.40599,44.63368,70.55,83.20092814
7/14/2025 4:08:34 PM,72.55643628,44.568614,70.55,81.78408
7/14/2025 4:08:39 PM,72.7575,44.701504,70.55,83.189372256
7/14/2025 4:08:44 PM,72.7575,44.56609,70.55,83.26403
7/14/2025 4:08:49 PM,72.974861672,44.606688,70.55,82.933372742
7/14/2025 4:08:54 PM,73.10539,44.423304,70.55,82.8046
7/14/2025 4:08:59 PM,73.10539,44.408652,70.55,82.7870623096
7/14/2025 4:09:04 PM,73.256961475,44.523088,70.55,83.99547
7/14/2025 4:09:09 PM,73.463715,44.538284,70.55,81.941639624
7/14/2025 4:09:14 PM,73.580738265,44.520564,70.55,82.835304
7/14/2025 4:09:19 PM,73.74168,44.59554,70.55,82.7643321024
7/14/2025 4:09:24 PM,73.87059626,44.406756,70.55,82.70475
7/14/2025 4:09:29 PM,73.89878,44.418012,70.55,83.6411035536
7/14/2025 4:09:34 PM,73.9053774656,44.551594,70.55,83.446815
7/14/2025 4:09:39 PM,74.273636,44.279552,70.55,82.970608157
7/14/2025 4:09:44 PM,74.273636,44.307076,70.55,81.21164
7/14/2025 4:09:49 PM,74.273636,44.31034,70.55,82.634177957
7/14/2025 4:09:54 PM,74.273636,44.252598,70.55,82.409195
7/14/2025 4:09:59 PM,74.6263326208,44.317604,70.55,83.0926317678
7/14/2025 4:10:04 PM,74.84694,44.29573,70.55,85.04084
7/14/2025 4:10:09 PM,74.84694,44.205822,70.55,82.674775104
7/14/2025 4:10:14 PM,75.1149722232,44.286128,70.55,83.105
7/14/2025 4:10:19 PM,75.266716,44.373828,70.55,84.1305486952
7/14/2025 4:10:24 PM,75.266716,44.151314,70.55,83.521286
7/14/2025 4:10:29 PM,75.4653456536,44.108896,70.55,83.1427866288
7/14/2025 4:10:34 PM,75.653759601,44.000974,70.55,82.949394
7/14/2025 4:10:39 PM,75.74238,43.944214,70.55,83.0883273924
7/14/2025 4:10:44 PM,75.74238,43.987008,70.55,82.8108
7/14/2025 4:10:49 PM,76.03905891,44.032514,70.55,83.5957505132
7/14/2025 4:10:54 PM,76.04103,43.883786,70.55,84.287506
7/14/2025 4:10:59 PM,76.04103,43.86242,70.55,82.8184029664
7/14/2025 4:11:04 PM,76.04103,43.889978,70.55,82.60689
7/14/2025 4:11:09 PM,76.04103,43.901044,70.55,83.450005432
7/14/2025 4:11:14 PM,76.52916226,43.930238,70.55,82.96961
7/14/2025 4:11:19 PM,76.758564606,43.935766,70.55,82.38389208
7/14/2025 4:11:24 PM,76.876767632,43.996544,70.55,82.01451
7/14/2025 4:11:29 PM,77.021946724,44.11844,70.55,82.83197192
7/14/2025 4:11:34 PM,77.07085,44.069616,70.55,84.05691
7/14/2025 4:11:39 PM,77.12406988,43.950696,70.55,82.2756316104
7/14/2025 4:11:44 PM,77.4029825028,44.145388,70.55,83.22496
7/14/2025 4:11:49 PM,77.46243,44.150872,70.55,81.88688381
7/14/2025 4:11:54 PM,77.46243,44.04621,70.55,82.653244
7/14/2025 4:11:59 PM,77.631436706,44.078114,70.55,83.4585966864
7/14/2025 4:12:04 PM,77.754425,43.965952,70.55,81.35717
7/14/2025 4:12:09 PM,77.968666733,44.076968,70.55,82.737876832
7/14/2025 4:12:14 PM,77.97389,43.904124,70.55,82.44443
7/14/2025 4:12:19 PM,77.97389,43.952104,70.55,83.890518216
7/14/2025 4:12:24 PM,77.97389,43.963706,70.55,83.04015
7/14/2025 4:12:29 PM,77.97389,43.951152,70.55,82.9698948808
7/14/2025 4:12:34 PM,78.467523728,43.945912,70.55,82.591736
7/14/2025 4:12:39 PM,78.6836603088,44.040892,70.55,82.929974964
7/14/2025 4:12:44 PM,78.736534,43.989952,70.55,82.31601
7/14/2025 4:12:49 PM,78.7907763232,43.8913,70.55,83.091763344
7/14/2025 4:12:54 PM,79.05337,43.84604,70.55,82.660805
7/14/2025 4:12:59 PM,79.09289152,43.941844,70.55,83.332949285
7/14/2025 4:13:04 PM,79.28422,43.838366,70.55,84.45641
7/14/2025 4:13:09 PM,79.28422,43.854666,70.55,84.2604849136
7/14/2025 4:13:14 PM,79.510248676,43.811064,70.55,82.985016
7/14/2025 4:13:19 PM,79.604121248,43.714176,70.55,81.6286654428
7/14/2025 4:13:24 PM,79.760529312,43.711588,70.55,82.69134
7/14/2025 4:13:29 PM,79.8067073256,43.594192,70.55,83.146001656
7/14/2025 4:13:34 PM,79.996666,43.615514,70.55,83.06692
7/14/2025 4:13:39 PM,80.1257910688,43.788978,70.55,82.61656909
7/14/2025 4:13:44 PM,80.13017,43.565056,70.55,82.5559
7/14/2025 4:13:49 PM,80.325093914,43.454362,70.55,82.543138898
7/14/2025 4:13:54 PM,80.33208,43.637272,70.55,83.14431
7/14/2025 4:13:59 PM,80.33208,43.597398,70.55,83.14294619
7/14/2025 4:14:04 PM,80.62183464,43.496424,70.55,82.61183
7/14/2025 4:14:09 PM,80.74812951,43.580736,70.55,83.053025918
7/14/2025 4:14:14 PM,80.93649,43.545824,70.55,83.993614
7/14/2025 4:14:19 PM,80.97053511,43.347022,70.55,83.3702250408
7/14/2025 4:14:24 PM,81.146645,43.357974,70.55,83.74626
7/14/2025 4:14:29 PM,81.184297124,43.474934,70.55,83.627426944
7/14/2025 4:14:34 PM,81.3808,43.39545,70.55,84.19018
7/14/2025 4:14:39 PM,81.474018168,43.388872,70.55,83.48365924
7/14/2025 4:14:44 PM,81.54738,43.43262,70.55,83.87946
7/14/2025 4:14:49 PM,81.54738,43.417468,70.55,83.3674906032
7/14/2025 4:14:54 PM,81.6971541884,43.36294,70.55,83.69814
7/14/2025 4:14:59 PM,81.966446,43.370066,70.55,83.592417576
7/14/2025 4:15:04 PM,81.966446,43.395108,70.55,81.649773326
7/14/2025 4:15:09 PM,81.966446,43.400514,70.55,83.055302692
7/14/2025 4:15:14 PM,81.966446,43.503888,70.55,82.987001152
7/14/2025 4:15:19 PM,82.045988228,43.305582,70.55,82.88367728
7/14/2025 4:15:24 PM,82.509026,43.47456,70.55,83.184395182
7/14/2025 4:15:29 PM,82.509026,43.384358,70.55,83.043683294
7/14/2025 4:15:34 PM,82.509026,43.41293,70.55,83.67094665
7/14/2025 4:15:39 PM,82.8756655544,43.506502,70.55,82.385038622
7/14/2025 4:15:44 PM,82.89758,43.4135,70.55,81.908946656
7/14/2025 4:15:49 PM,82.89758,43.392396,70.55,82.4797079
7/14/2025 4:15:54 PM,82.89758,43.366188,70.55,82.264426178
7/14/2025 4:15:59 PM,83.1557846156,43.45116,70.55,83.24242582
7/14/2025 4:16:04 PM,83.4410020504,43.303334,70.55,82.280642944
7/14/2025 4:16:09 PM,83.4885091696,43.304762,70.55,82.61156596
7/14/2025 4:16:14 PM,83.67168406,43.354168,70.55,82.781241356
7/14/2025 4:16:19 PM,83.73748,43.170714,70.55,83.182704044
7/14/2025 4:16:24 PM,83.852641488,43.211928,70.55,82.920042814
7/14/2025 4:16:29 PM,83.89361,43.080308,70.55,83.413992416
7/14/2025 4:16:34 PM,84.054700822,43.16616,70.55,83.41089236
7/14/2025 4:16:39 PM,84.209040804,43.130186,70.55,82.816075835
7/14/2025 4:16:44 PM,84.21576,43.02668,70.55,83.779681108
7/14/2025 4:16:49 PM,84.354341256,43.045562,70.55,83.758319552
7/14/2025 4:16:54 PM,84.548232102,42.901142,70.55,83.0011083752
7/14/2025 4:16:59 PM,84.575035,43.086928,70.55,83.2349653832
7/14/2025 4:17:04 PM,84.575035,43.06781,70.55,82.167062708
7/14/2025 4:17:09 PM,84.62871135,43.017102,70.55,82.644629924
7/14/2025 4:17:14 PM,84.98793,42.908212,70.55,83.97597017
7/14/2025 4:17:19 PM,84.98793,42.750766,70.55,83.32821024
7/14/2025 4:17:24 PM,84.98793,42.770692,70.55,82.85711398
7/14/2025 4:17:29 PM,84.98793,42.721764,70.55,83.1890865
7/14/2025 4:17:34 PM,84.98793,42.726126,70.55,82.643736954
7/14/2025 4:17:39 PM,84.98793,42.667216,70.55,82.97484792
7/14/2025 4:17:44 PM,84.98793,42.66457,70.55,83.173259832
7/14/2025 4:17:49 PM,85.101448536,42.716866,70.55,81.8181885392
7/14/2025 4:17:54 PM,85.921885056,42.701116,70.55,83.314625348
7/14/2025 4:17:59 PM,86.0009875,42.69527,70.55,82.9092081132
7/14/2025 4:18:04 PM,86.152246944,42.558914,70.55,83.1893526868
7/14/2025 4:18:09 PM,86.23910268,42.51064,70.55,83.281568492
7/14/2025 4:18:14 PM,86.33859,42.48819,70.55,83.825850216
7/14/2025 4:18:19 PM,86.478106506,42.558834,70.55,84.323350992
7/14/2025 4:18:24 PM,86.55174955,42.567256,70.55,83.683622
7/14/2025 4:18:29 PM,86.57553,42.487474,70.55,83.417603368
7/14/2025 4:18:34 PM,86.57553,42.514454,70.55,83.8645861
7/14/2025 4:18:39 PM,86.57553,42.787542,70.55,83.167704624
7/14/2025 4:18:44 PM,86.57553,42.727044,70.55,83.409052336
7/14/2025 4:18:49 PM,87.071362528,42.637812,70.55,83.44919175
7/14/2025 4:18:54 PM,87.20903,42.703332,70.55,83.92799876
7/14/2025 4:18:59 PM,87.20903,42.67005,70.55,83.1341058
7/14/2025 4:19:04 PM,87.29217097,42.53,70.55,81.669195032
7/14/2025 4:19:09 PM,87.524859784,42.628952,70.55,83.50215962
7/14/2025 4:19:14 PM,87.5761,42.625696,70.55,82.270879934
7/14/2025 4:19:19 PM,87.5761,42.826476,70.55,82.408842232
7/14/2025 4:19:24 PM,87.5761,42.71,70.55,82.192071574
7/14/2025 4:19:29 PM,87.5761,42.621008,70.55,82.965576536
7/14/2025 4:19:34 PM,87.899313184,42.613806,70.55,82.889511968
7/14/2025 4:19:39 PM,88.083777576,42.771456,70.55,83.368649128
7/14/2025 4:19:44 PM,88.13654,42.49798,70.55,82.961865936
7/14/2025 4:19:49 PM,88.159653848,42.504616,70.55,83.595986016
7/14/2025 4:19:54 PM,88.365998478,42.480484,70.55,83.266688856
7/14/2025 4:19:59 PM,88.41998,42.419906,70.55,82.463356808
7/14/2025 4:20:04 PM,88.52465196,42.551334,70.55,82.704659909
7/14/2025 4:20:09 PM,88.56778,42.48692,70.55,82.867439744
7/14/2025 4:20:14 PM,88.706034804,42.366558,70.55,82.9972425
7/14/2025 4:20:19 PM,88.763,42.297888,70.55,83.031934216
7/14/2025 4:20:24 PM,88.8934441808,42.308758,70.55,83.065128288
7/14/2025 4:20:29 PM,88.947556,42.28988,70.55,82.986774998
7/14/2025 4:20:34 PM,88.947556,42.190266,70.55,82.6038846272
7/14/2025 4:20:39 PM,89.2203801968,42.099654,70.55,83.1896065904
7/14/2025 4:20:44 PM,89.31510573,42.155504,70.55,82.646958966
7/14/2025 4:20:49 PM,89.466606,42.184876,70.55,82.764415352
7/14/2025 4:20:54 PM,89.466606,42.137124,70.55,83.274052889
7/14/2025 4:20:59 PM,89.704601352,42.157998,70.55,82.69879992
7/14/2025 4:21:04 PM,89.8408935896,42.106456,70.55,83.092422888
7/14/2025 4:21:09 PM,89.965713468,42.053508,70.55,82.69069248
7/14/2025 4:21:14 PM,90.027084,42.071486,70.55,82.309192176
7/14/2025 4:21:19 PM,90.027084,42.025168,70.55,84.01535634
7/14/2025 4:21:24 PM,90.027084,42.073816,70.55,81.744448544
7/14/2025 4:21:29 PM,90.2937416264,42.078748,70.55,83.00747576
7/14/2025 4:21:34 PM,90.56104,42.075522,70.55,83.1591265904
7/14/2025 4:21:39 PM,90.6259856336,42.088318,70.55,82.4066836992
7/14/2025 4:21:44 PM,90.693474,42.16061,70.55,82.3778289754
7/14/2025 4:21:49 PM,90.744810012,42.09747,70.55,81.8864531072
7/14/2025 4:21:54 PM,90.780546556,42.242,70.55,81.7543776064
7/14/2025 4:21:59 PM,90.805022994,42.206264,70.55,83.093644324
7/14/2025 4:22:04 PM,90.80647,42.199668,70.55,82.670634868
7/14/2025 4:22:09 PM,90.75440312,42.158176,70.55,82.899619
7/14/2025 4:22:14 PM,90.76416856,42.37584,70.55,82.697799382
7/14/2025 4:22:19 PM,90.711235,42.32567,70.55,82.355792952
7/14/2025 4:22:24 PM,90.6967646,42.256288,70.55,82.495549112
7/14/2025 4:22:29 PM,90.658035,42.291658,70.55,83.208134092
7/14/2025 4:22:34 PM,90.658035,42.32572,70.55,82.635775777
7/14/2025 4:22:39 PM,90.6589958632,42.167496,70.55,82.111121492
7/14/2025 4:22:44 PM,90.6676,42.175352,70.55,81.874857636
7/14/2025 4:22:49 PM,90.6676,42.142998,70.55,82.161149282
7/14/2025 4:22:54 PM,90.6676,42.010456,70.55,82.4876414708
7/14/2025 4:22:59 PM,90.6676,42.101574,70.55,83.3822333788
7/14/2025 4:23:04 PM,90.6268813424,42.148424,70.55,83.52493605
7/14/2025 4:23:09 PM,90.513596,42.2224,70.55,83.457546328
7/14/2025 4:23:14 PM,90.513596,42.264316,70.55,83.395776782
7/14/2025 4:23:19 PM,90.513596,42.237128,70.55,83.08772
7/14/2025 4:23:24 PM,90.513596,42.112412,70.55,83.576158046
7/14/2025 4:23:29 PM,90.513596,42.180752,70.55,84.128075
7/14/2025 4:23:34 PM,90.513596,41.87804,70.55,83.139943171
7/14/2025 4:23:39 PM,90.513596,41.782786,70.55,82.81758
7/14/2025 4:23:44 PM,90.513596,41.812352,70.55,82.860571368
7/14/2025 4:23:49 PM,90.513596,41.849926,70.55,83.496666
7/14/2025 4:23:54 PM,90.513596,41.891056,70.55,83.0345287024
7/14/2025 4:23:59 PM,90.513596,41.886666,70.55,83.81873
7/14/2025 4:24:04 PM,90.513596,41.840132,70.55,82.709081667
7/14/2025 4:24:09 PM,90.5026613936,41.80853,70.55,82.9483645504
7/14/2025 4:24:14 PM,90.31972,41.887808,70.55,83.232077152
7/14/2025 4:24:19 PM,90.31972,41.887926,70.55,83.322799944
7/14/2025 4:24:24 PM,90.31972,41.856944,70.55,83.014699962
7/14/2025 4:24:29 PM,90.31972,41.878984,70.55,82.500686521
7/14/2025 4:24:34 PM,90.31972,41.886676,70.55,82.529006844
7/14/2025 4:24:39 PM,90.31972,41.957894,70.55,81.92153008
7/14/2025 4:24:44 PM,90.31972,42.037584,70.55,82.62925918
7/14/2025 4:24:49 PM,90.31972,42.049426,70.55,82.202138456
7/14/2025 4:24:54 PM,90.31972,42.249856,70.55,82.9308592512
7/14/2025 4:24:59 PM,90.31972,42.223376,70.55,82.7968831488
7/14/2025 4:25:04 PM,90.31972,42.327002,70.55,82.927053794
7/14/2025 4:25:09 PM,90.31972,42.21374,70.55,82.555085486
7/14/2025 4:25:14 PM,90.31972,42.36456,70.55,81.7716325136
7/14/2025 4:25:19 PM,90.23131681,42.32053,70.55,82.6315184368
7/14/2025 4:25:24 PM,90.12195,42.204632,70.55,82.92798611
7/14/2025 4:25:29 PM,90.12195,42.31756,70.55,82.537155
7/14/2025 4:25:34 PM,90.12195,42.198556,70.55,83.3095909126
7/14/2025 4:25:39 PM,90.12195,42.308784,70.55,83.150314
7/14/2025 4:25:44 PM,90.12195,42.271004,70.55,82.1085081632
7/14/2025 4:25:49 PM,90.12195,42.232626,70.55,82.667946
7/14/2025 4:25:54 PM,90.12195,42.304796,70.55,83.415129828
7/14/2025 4:25:59 PM,90.12195,42.337876,70.55,82.06893
7/14/2025 4:26:04 PM,90.12195,42.362342,70.55,82.887461272
7/14/2025 4:26:09 PM,90.12195,42.416416,70.55,83.18171
7/14/2025 4:26:14 PM,90.12195,42.309488,70.55,82.7109459892
7/14/2025 4:26:19 PM,90.12195,42.329906,70.55,81.296486
7/14/2025 4:26:24 PM,90.12195,42.301082,70.55,83.1527673382
7/14/2025 4:26:29 PM,90.12195,42.118172,70.55,83.46528
7/14/2025 4:26:34 PM,90.12195,41.899632,70.55,82.88205192
7/14/2025 4:26:39 PM,90.12195,41.823006,70.55,83.53287
7/14/2025 4:26:44 PM,90.12195,41.886744,70.55,83.762479828
7/14/2025 4:26:49 PM,90.12195,42.072692,70.55,82.65424
7/14/2025 4:26:54 PM,90.12195,42.07325,70.55,83.627283
7/14/2025 4:26:59 PM,90.12195,41.95965,70.55,82.71659
7/14/2025 4:27:04 PM,90.12195,41.991888,70.55,83.634816214
7/14/2025 4:27:09 PM,90.12195,41.974802,70.55,84.4199
7/14/2025 4:27:14 PM,90.12195,41.970192,70.55,82.641743396
7/14/2025 4:27:19 PM,90.12195,42.09504,70.55,82.99774
7/14/2025 4:27:24 PM,90.12195,42.328466,70.55,83.361395116
7/14/2025 4:27:29 PM,90.12195,42.248192,70.55,83.1042
7/14/2025 4:27:34 PM,90.12195,42.127612,70.55,82.394954232
7/14/2025 4:27:39 PM,90.12195,42.222256,70.55,81.89406
7/14/2025 4:27:44 PM,90.12195,42.200224,70.55,83.2512789
7/14/2025 4:27:49 PM,89.716851072,42.121678,70.55,81.868835
7/14/2025 4:27:54 PM,89.63199,42.204412,70.55,82.267862965
7/14/2025 4:27:59 PM,89.63199,42.231302,70.55,82.37077
7/14/2025 4:28:04 PM,89.63199,42.265168,70.55,83.0771779336
7/14/2025 4:28:09 PM,89.63199,42.400198,70.55,82.186554
7/14/2025 4:28:14 PM,89.63199,42.360588,70.55,83.792649942
7/14/2025 4:28:19 PM,89.63199,42.384006,70.55,83.538925
7/14/2025 4:28:24 PM,89.63199,42.45726,70.55,82.817346743
7/14/2025 4:28:29 PM,89.63199,42.372794,70.55,84.24362
7/14/2025 4:28:34 PM,89.63199,42.30347,70.55,83.032644896
7/14/2025 4:28:39 PM,89.63199,42.37989,70.55,81.823784
7/14/2025 4:28:44 PM,89.63199,42.234764,70.55,82.686155166
7/14/2025 4:28:49 PM,89.63199,42.323568,70.55,83.19923
7/14/2025 4:28:54 PM,89.63199,42.277356,70.55,82.867065678
7/14/2025 4:28:59 PM,89.5324608864,42.241464,70.55,81.58036
7/14/2025 4:29:04 PM,89.393654,42.242334,70.55,82.880574449
7/14/2025 4:29:09 PM,89.393654,42.269638,70.55,82.95094906
7/14/2025 4:29:14 PM,89.393654,42.289244,70.55,82.647407632
7/14/2025 4:29:19 PM,89.393654,42.345398,70.55,82.635296836
7/14/2025 4:29:24 PM,89.393654,42.19415,70.55,83.2681705216
7/14/2025 4:29:29 PM,89.393654,42.25789,70.55,83.60898816
7/14/2025 4:29:34 PM,89.393654,42.195436,70.55,83.32943104
7/14/2025 4:29:39 PM,89.392158632,42.318386,70.55,82.809995906
7/14/2025 4:29:44 PM,89.26904,42.25794,70.55,82.735637712
7/14/2025 4:29:49 PM,89.26904,42.21373,70.55,82.674828836
7/14/2025 4:29:54 PM,89.26904,42.12092,70.55,83.1285502688
7/14/2025 4:29:59 PM,89.26904,42.099728,70.55,82.6337051532
7/14/2025 4:30:04 PM,89.26904,42.174996,70.55,81.973824202
7/14/2025 4:30:09 PM,89.26904,42.15778,70.55,82.542274496
7/14/2025 4:30:14 PM,89.26904,42.092706,70.55,83.590194504
7/14/2025 4:30:19 PM,89.26904,42.257914,70.55,83.2383117688
7/14/2025 4:30:24 PM,89.26904,42.23632,70.55,83.8269441376
7/14/2025 4:30:29 PM,89.26904,42.331682,70.55,83.097208
7/14/2025 4:30:34 PM,89.26904,42.292396,70.55,82.471953048
7/14/2025 4:30:39 PM,89.26904,42.152144,70.55,82.977293492
7/14/2025 4:30:44 PM,89.26904,42.190864,70.55,83.57514944
7/14/2025 4:30:49 PM,89.26904,42.228522,70.55,83.084311504
7/14/2025 4:30:54 PM,89.26904,42.260012,70.55,83.42847068
7/14/2025 4:30:59 PM,89.26904,42.366756,70.55,82.838578588
7/14/2025 4:31:04 PM,89.26904,42.307416,70.55,83.398080542
7/14/2025 4:31:09 PM,89.26904,42.179682,70.55,83.7315898996
7/14/2025 4:31:14 PM,89.26904,42.350622,70.55,83.14451242
7/14/2025 4:31:19 PM,89.26904,42.351918,70.55,83.3484212226
7/14/2025 4:31:24 PM,89.26904,42.388184,70.55,82.818914603
7/14/2025 4:31:29 PM,89.26904,42.304422,70.55,83.051875136
7/14/2025 4:31:34 PM,89.26904,42.37207,70.55,83.332555866
7/14/2025 4:31:39 PM,89.26904,42.436826,70.55,83.579196696
7/14/2025 4:31:44 PM,89.26904,42.504728,70.55,82.916784176
7/14/2025 4:31:49 PM,89.26904,42.499764,70.55,83.1029019
7/14/2025 4:31:54 PM,89.26904,42.608776,70.55,83.4772410304
7/14/2025 4:31:59 PM,88.888843172,42.55528,70.55,83.1539308628
7/14/2025 4:32:04 PM,88.7879,42.614794,70.55,82.486892042
7/14/2025 4:32:09 PM,88.7879,42.509426,70.55,82.9117620784
7/14/2025 4:32:14 PM,88.7879,42.368028,70.55,83.692448728
7/14/2025 4:32:19 PM,88.7879,42.476262,70.55,83.4903849208
7/14/2025 4:32:24 PM,88.7879,42.539246,70.55,82.848150215
7/14/2025 4:32:29 PM,88.7879,42.455326,70.55,83.735317442
7/14/2025 4:32:34 PM,88.7879,42.34497,70.55,83.995125596
7/14/2025 4:32:39 PM,88.7879,42.332068,70.55,84.287478988
7/14/2025 4:32:44 PM,88.774284089,42.335342,70.55,83.399913258
7/14/2025 4:32:49 PM,88.713005,42.249742,70.55,83.600756224
7/14/2025 4:32:54 PM,88.7203175,42.134684,70.55,82.647395632
7/14/2025 4:32:59 PM,88.75363,42.245212,70.55,83.640401554
7/14/2025 4:33:04 PM,88.75363,42.069714,70.55,83.848137726
7/14/2025 4:33:09 PM,88.75363,42.141114,70.55,82.43200603
7/14/2025 4:33:14 PM,88.75363,42.285694,70.55,82.9362262108
7/14/2025 4:33:19 PM,88.75363,42.296326,70.55,83.2992710188
7/14/2025 4:33:24 PM,88.75363,42.0737,70.55,83.394007392
7/14/2025 4:33:29 PM,88.828801048,42.08325,70.55,82.114972152
7/14/2025 4:33:34 PM,88.85045,42.174668,70.55,82.096702033
7/14/2025 4:33:39 PM,88.85045,42.169392,70.55,83.134564352
7/14/2025 4:33:44 PM,88.862530688,42.142126,70.55,82.341663072
7/14/2025 4:33:49 PM,88.91972,42.25031,70.55,82.840835688
7/14/2025 4:33:54 PM,88.91972,42.413984,70.55,82.771600876
7/14/2025 4:33:59 PM,88.91972,42.396862,70.55,84.148337662
7/14/2025 4:34:04 PM,88.91972,42.24846,70.55,84.6560324
7/14/2025 4:34:09 PM,88.91972,42.380638,70.55,82.55245152
7/14/2025 4:34:14 PM,88.91972,42.44832,70.55,84.233635978
7/14/2025 4:34:19 PM,88.91972,42.656806,70.55,82.992797872
7/14/2025 4:34:24 PM,88.91972,42.62979,70.55,84.58897833
7/14/2025 4:34:29 PM,88.91972,42.550094,70.55,82.9168208088
7/14/2025 4:34:34 PM,88.91972,42.572594,70.55,82.3576954032
7/14/2025 4:34:39 PM,88.91972,42.39127,70.55,84.155133836
7/14/2025 4:34:44 PM,88.72029764,42.361862,70.55,83.261271764
7/14/2025 4:34:49 PM,88.71362,42.414024,70.55,82.882300232
7/14/2025 4:34:54 PM,88.71362,42.494,70.55,83.629772552
7/14/2025 4:34:59 PM,88.71362,42.490056,70.55,82.510071512
7/14/2025 4:35:04 PM,88.71362,42.57004,70.55,82.432161928
7/14/2025 4:35:09 PM,88.71362,42.46204,70.55,83.1611875892
7/14/2025 4:35:14 PM,88.659412676,42.443516,70.55,82.9237655456
7/14/2025 4:35:19 PM,88.6574,42.557302,70.55,83.65460045
7/14/2025 4:35:24 PM,88.6574,42.539324,70.55,83.768144706
7/14/2025 4:35:29 PM,88.6574,42.44424,70.55,83.049585264
7/14/2025 4:35:34 PM,88.6499319592,42.372508,70.55,83.053053438
7/14/2025 4:35:39 PM,88.611244,42.305682,70.55,84.068212224
7/14/2025 4:35:44 PM,88.6349673772,42.37219,70.55,84.22681182
7/14/2025 4:35:49 PM,88.694456973,42.362104,70.55,83.460979962
7/14/2025 4:35:54 PM,88.74454464,42.135042,70.55,83.321390544
7/14/2025 4:35:59 PM,88.7960690652,42.114504,70.55,83.39877374
7/14/2025 4:36:04 PM,88.845189664,42.118168,70.55,83.27702475
7/14/2025 4:36:09 PM,88.85252,42.072664,70.55,82.7403768
7/14/2025 4:36:14 PM,88.9524112864,42.000626,70.55,82.382439388
7/14/2025 4:36:19 PM,88.956856,42.016122,70.55,81.987115724
7/14/2025 4:36:24 PM,88.989096144,42.017044,70.55,82.0603043688
7/14/2025 4:36:29 PM,88.99058,42.070848,70.55,82.523527048
7/14/2025 4:36:34 PM,89.063852436,42.04792,70.55,82.66340585
7/14/2025 4:36:39 PM,89.157887992,41.98213,70.55,83.3348804304
7/14/2025 4:36:44 PM,89.22208,41.97576,70.55,83.6074399552
7/14/2025 4:36:49 PM,89.2395535,41.996336,70.55,83.172825216
7/14/2025 4:36:54 PM,89.27158,42.070026,70.55,83.386014059
7/14/2025 4:36:59 PM,89.27158,42.001292,70.55,83.3707696802
7/14/2025 4:37:04 PM,89.27158,41.993722,70.55,83.438037938
7/14/2025 4:37:09 PM,89.27158,42.023726,70.55,83.6790978732
7/14/2025 4:37:14 PM,89.27158,42.07618,70.55,83.842512948
7/14/2025 4:37:19 PM,89.27158,42.109672,70.55,82.98907449
7/14/2025 4:37:24 PM,89.153721943,42.218218,70.55,82.1198064288
7/14/2025 4:37:29 PM,89.147545,42.206,70.55,82.36563597
7/14/2025 4:37:34 PM,89.074712622,42.27943,70.55,82.8214684544
7/14/2025 4:37:39 PM,89.08967946,42.352828,70.55,82.92581052
7/14/2025 4:37:44 PM,88.976159592,42.356548,70.55,83.329365476
7/14/2025 4:37:49 PM,88.91060277,42.31966,70.55,83.59134267
7/14/2025 4:37:54 PM,88.872916968,42.258904,70.55,82.81911024
7/14/2025 4:37:59 PM,88.87192,42.377552,70.55,82.611147644
7/14/2025 4:38:04 PM,88.88197291,42.39551,70.55,82.927851788
7/14/2025 4:38:09 PM,88.94087,42.28757,70.55,83.406676328
7/14/2025 4:38:14 PM,88.94087,42.484208,70.55,83.38671937
7/14/2025 4:38:19 PM,88.94087,42.470944,70.55,83.607204088
7/14/2025 4:38:24 PM,88.94087,42.426704,70.55,83.0266648
7/14/2025 4:38:29 PM,88.94087,42.424658,70.55,83.461201742
7/14/2025 4:38:34 PM,88.925738714,42.312854,70.55,83.539956852
7/14/2025 4:38:39 PM,88.83476,42.288472,70.55,83.110538608
7/14/2025 4:38:44 PM,88.83476,42.22629,70.55,82.393627948
7/14/2025 4:38:49 PM,88.83476,42.34521,70.55,83.910760144
7/14/2025 4:38:54 PM,88.83476,42.324754,70.55,83.6587753472
7/14/2025 4:38:59 PM,88.83476,42.382528,70.55,83.1344620556
7/14/2025 4:39:04 PM,88.83476,42.333942,70.55,83.685074315
7/14/2025 4:39:09 PM,88.83476,42.312094,70.55,83.927084752
7/14/2025 4:39:14 PM,88.83476,42.233082,70.55,83.9213051564
7/14/2025 4:39:19 PM,88.83476,42.223264,70.55,83.2072604172
7/14/2025 4:39:24 PM,88.83476,42.28946,70.55,83.228001882
7/14/2025 4:39:29 PM,88.83476,42.26238,70.55,83.511785414
7/14/2025 4:39:34 PM,88.83476,42.307954,70.55,82.8708446
7/14/2025 4:39:39 PM,88.83476,42.20356,70.55,82.606793146
7/14/2025 4:39:44 PM,88.83476,42.079388,70.55,82.593122012
7/14/2025 4:39:49 PM,88.63931372,41.969304,70.55,83.457896636
7/14/2025 4:39:54 PM,88.561485,41.999022,70.55,82.854175952
7/14/2025 4:39:59 PM,88.561485,42.142706,70.55,82.83601151
7/14/2025 4:40:04 PM,88.561485,42.189032,70.55,83.4784945
7/14/2025 4:40:09 PM,88.561485,42.251184,70.55,83.080836144
7/14/2025 4:40:14 PM,88.561485,42.227528,70.55,83.040020198
7/14/2025 4:40:19 PM,88.561485,42.30548,70.55,83.24204185
7/14/2025 4:40:24 PM,88.561485,42.345132,70.55,82.216025702
7/14/2025 4:40:29 PM,88.561485,42.303466,70.55,82.123528856
7/14/2025 4:40:34 PM,88.561485,42.441672,70.55,82.847276456
7/14/2025 4:40:39 PM,88.561485,42.41854,70.55,82.71161952
7/14/2025 4:40:44 PM,88.561485,42.121828,70.55,82.899302484
7/14/2025 4:40:49 PM,88.561485,42.095462,70.55,82.864880984
7/14/2025 4:40:54 PM,88.561485,42.08764,70.55,82.30295152
7/14/2025 4:40:59 PM,88.561485,42.20348,70.55,82.6098149784
7/14/2025 4:41:04 PM,88.561485,42.279704,70.55,83.8149161792
7/14/2025 4:41:09 PM,88.561485,42.278352,70.55,83.180576672
7/14/2025 4:41:14 PM,88.561485,42.319084,70.55,82.55268178
7/14/2025 4:41:19 PM,88.561485,42.40379,70.55,82.571564736
7/14/2025 4:41:24 PM,88.561485,42.386978,70.55,82.20351816
7/14/2025 4:41:29 PM,88.561485,42.469352,70.55,82.296652296
7/14/2025 4:41:34 PM,88.561485,42.346812,70.55,82.56502504
7/14/2025 4:41:39 PM,88.561485,42.35114,70.55,82.556606068
7/14/2025 4:41:44 PM,88.561485,42.465802,70.55,83.10943983
7/14/2025 4:41:49 PM,88.561485,42.460222,70.55,83.397051168
7/14/2025 4:41:54 PM,88.561485,42.37914,70.55,83.741012608
7/14/2025 4:41:59 PM,88.561485,42.335748,70.55,83.87505798
7/14/2025 4:42:04 PM,88.561485,42.322242,70.55,83.759576336
7/14/2025 4:42:09 PM,88.561485,42.330232,70.55,82.981132452
7/14/2025 4:42:14 PM,88.561485,42.282598,70.55,82.841491764
7/14/2025 4:42:19 PM,88.561485,42.133064,70.55,83.460194492
7/14/2025 4:42:24 PM,88.561485,42.15045,70.55,84.04078887
7/14/2025 4:42:29 PM,88.561485,42.057076,70.55,83.152523232
7/14/2025 4:42:34 PM,88.561485,42.169878,70.55,82.4237787
7/14/2025 4:42:39 PM,88.561485,42.234828,70.55,82.405700272
7/14/2025 4:42:44 PM,88.561485,42.1321,70.55,82.343937432
7/14/2025 4:42:49 PM,88.561485,42.097146,70.55,82.84935792
7/14/2025 4:42:54 PM,88.561485,42.115264,70.55,82.2793544744
7/14/2025 4:42:59 PM,88.561485,42.11489,70.55,81.66576284
7/14/2025 4:43:04 PM,88.561485,42.10641,70.55,82.425504344
7/14/2025 4:43:09 PM,88.561485,42.089232,70.55,81.8244722404
7/14/2025 4:43:14 PM,88.561485,42.13737,70.55,81.7574371072
7/14/2025 4:43:19 PM,88.561485,42.010824,70.55,83.275178743
7/14/2025 4:43:24 PM,88.561485,42.016406,70.55,82.82454698
7/14/2025 4:43:29 PM,88.561485,41.996192,70.55,84.17809744
7/14/2025 4:43:34 PM,88.561485,42.131844,70.55,83.83432829
7/14/2025 4:43:39 PM,88.561485,42.118404,70.55,82.48935207
7/14/2025 4:43:44 PM,88.561485,42.182044,70.55,82.93459316
7/14/2025 4:43:49 PM,88.561485,42.11708,70.55,82.3759324
7/14/2025 4:43:54 PM,88.561485,42.252212,70.55,82.464307326
7/14/2025 4:43:59 PM,88.561485,42.301124,70.55,82.78534134
7/14/2025 4:44:04 PM,88.561485,42.303676,70.55,82.469260992
7/14/2025 4:44:09 PM,88.561485,42.419702,70.55,82.9798138596
7/14/2025 4:44:14 PM,88.561485,42.53919,70.55,82.8886502048
7/14/2025 4:44:19 PM,88.561485,42.49563,70.55,82.74424712
7/14/2025 4:44:24 PM,88.561485,42.490364,70.55,82.718830224
7/14/2025 4:44:29 PM,88.561485,42.533136,70.55,83.27600292
7/14/2025 4:44:34 PM,88.486945444,42.53144,70.55,82.58213714
7/14/2025 4:44:39 PM,87.53759,42.58214,70.55,83.825712502
7/14/2025 4:44:44 PM,87.53759,42.50908,70.55,82.733863202
7/14/2025 4:44:49 PM,87.53759,42.601,70.55,83.27760217
7/14/2025 4:44:54 PM,87.53759,42.50295,70.55,82.465559335
7/14/2025 4:44:59 PM,87.53759,42.558084,70.55,83.0121599396
7/14/2025 4:45:04 PM,87.53759,42.578892,70.55,83.410240016
7/14/2025 4:45:09 PM,87.53759,42.742838,70.55,83.441603466
7/14/2025 4:45:14 PM,87.53759,42.67123,70.55,82.991014338
7/14/2025 4:45:19 PM,87.53759,42.54041,70.55,82.618839106
7/14/2025 4:45:24 PM,87.53759,42.493152,70.55,82.90291568
7/14/2025 4:45:29 PM,87.53759,42.631024,70.55,82.952992158
7/14/2025 4:45:34 PM,87.53759,42.552058,70.55,84.166340662
7/14/2025 4:45:39 PM,87.53759,42.47083,70.55,83.278439126
7/14/2025 4:45:44 PM,87.53759,42.471226,70.55,82.725272694
7/14/2025 4:45:49 PM,87.53759,42.42364,70.55,82.2160159136
7/14/2025 4:45:54 PM,87.53759,42.49692,70.55,81.9001756544
7/14/2025 4:45:59 PM,87.53759,42.351994,70.55,82.2274297228
7/14/2025 4:46:04 PM,87.53759,42.434402,70.55,82.925847392
7/14/2025 4:46:09 PM,87.53759,42.323136,70.55,82.993144216
7/14/2025 4:46:14 PM,87.53759,42.246352,70.55,82.57104082
7/14/2025 4:46:19 PM,87.53759,42.042932,70.55,83.0476446748
7/14/2025 4:46:24 PM,87.53759,42.207526,70.55,83.7568598176
7/14/2025 4:46:29 PM,87.53759,42.099088,70.55,83.252282288
7/14/2025 4:46:34 PM,87.53759,42.046102,70.55,82.93029288
7/14/2025 4:46:39 PM,87.53759,42.134736,70.55,83.58487345
7/14/2025 4:46:44 PM,87.53759,42.13192,70.55,82.9202319076
7/14/2025 4:46:49 PM,87.53759,42.132778,70.55,83.336844116
7/14/2025 4:46:54 PM,87.53759,42.18952,70.55,82.15594135
7/14/2025 4:46:59 PM,87.53759,42.273536,70.55,82.6648312804
7/14/2025 4:47:04 PM,87.53759,42.239146,70.55,83.1721709456
7/14/2025 4:47:09 PM,87.53759,42.347228,70.55,83.329038348
7/14/2025 4:47:14 PM,87.53759,42.457736,70.55,83.339783016
7/14/2025 4:47:19 PM,87.53759,42.394,70.55,82.18639902
7/14/2025 4:47:24 PM,87.53759,42.572374,70.55,83.7587314496
7/14/2025 4:47:29 PM,87.53759,42.589096,70.55,82.5069787136
7/14/2025 4:47:34 PM,87.53759,42.557828,70.55,83.392779337
7/14/2025 4:47:39 PM,87.53759,42.696296,70.55,83.909324855
7/14/2025 4:47:44 PM,87.512109632,42.571842,70.55,83.571417904
7/14/2025 4:47:49 PM,86.90375,42.424724,70.55,83.11914176
7/14/2025 4:47:54 PM,86.90375,42.521806,70.55,82.479090008
7/14/2025 4:47:59 PM,86.90375,42.544904,70.55,82.6400979008
7/14/2025 4:48:04 PM,86.90375,42.549328,70.55,82.9839867168
7/14/2025 4:48:09 PM,86.90375,42.57076,70.55,83.072436802
7/14/2025 4:48:14 PM,86.90375,42.684226,70.55,82.8157620768
7/14/2025 4:48:19 PM,86.90375,42.829354,70.55,82.5132264532
7/14/2025 4:48:24 PM,86.90375,42.836008,70.55,82.784648141
7/14/2025 4:48:29 PM,86.90375,42.806624,70.55,82.086898973
7/14/2025 4:48:34 PM,86.90375,42.768476,70.55,82.554761744
7/14/2025 4:48:39 PM,86.90375,42.714812,70.55,82.958937646
7/14/2025 4:48:44 PM,86.90375,42.806836,70.55,82.3145630688
7/14/2025 4:48:49 PM,86.90375,42.770048,70.55,82.7806175816
7/14/2025 4:48:54 PM,86.90375,42.794192,70.55,83.032747832
7/14/2025 4:48:59 PM,86.90375,42.496552,70.55,83.202313703
7/14/2025 4:49:04 PM,86.90375,42.594352,70.55,82.52398179
7/14/2025 4:49:09 PM,86.90375,42.676884,70.55,82.68993412
7/14/2025 4:49:14 PM,86.90375,42.567938,70.55,83.3506526632
7/14/2025 4:49:19 PM,86.90375,42.652674,70.55,83.4697806448
7/14/2025 4:49:24 PM,86.90375,42.68286,70.55,83.13522358
7/14/2025 4:49:29 PM,86.90375,42.518604,70.55,82.906874202
7/14/2025 4:49:34 PM,86.90375,42.492862,70.55,83.378083632
7/14/2025 4:49:39 PM,86.90375,42.505084,70.55,82.767257328
7/14/2025 4:49:44 PM,86.90375,42.399004,70.55,83.7264096
7/14/2025 4:49:49 PM,86.90375,42.617398,70.55,83.327243155
7/14/2025 4:49:54 PM,86.90375,42.61445,70.55,82.6406761586
7/14/2025 4:49:59 PM,86.90375,42.542628,70.55,83.4192888848
7/14/2025 4:50:04 PM,86.90375,42.53287,70.55,84.1753
7/14/2025 4:50:09 PM,86.90375,42.497492,70.55,83.40043
7/14/2025 4:50:14 PM,86.90375,42.464128,70.55,82.656265
7/14/2025 4:50:19 PM,86.90375,42.445584,70.55,82.898985411
7/14/2025 4:50:24 PM,86.90375,42.565724,70.55,82.7224
7/14/2025 4:50:29 PM,86.90375,42.526856,70.55,82.7529369716
7/14/2025 4:50:34 PM,86.90375,42.509008,70.55,83.413826
7/14/2025 4:50:39 PM,86.90375,42.614894,70.55,82.3130224696
7/14/2025 4:50:44 PM,86.90375,42.614144,70.55,83.09935
7/14/2025 4:50:49 PM,86.90375,42.673774,70.55,82.903437256
7/14/2025 4:50:54 PM,86.90375,42.648572,70.55,83.03082
7/14/2025 4:50:59 PM,86.90375,42.627298,70.55,82.546977098
7/14/2025 4:51:04 PM,86.90375,42.703002,70.55,83.23567
7/14/2025 4:51:09 PM,86.90375,42.682664,70.55,83.845614545
7/14/2025 4:51:14 PM,86.90375,42.734994,70.55,84.559685
7/14/2025 4:51:19 PM,86.753742616,42.739266,70.55,82.7719169954
7/14/2025 4:51:24 PM,86.15221,42.80745,70.55,82.109924
7/14/2025 4:51:29 PM,86.15221,42.803162,70.55,82.748219702
7/14/2025 4:51:34 PM,86.15221,42.998384,70.55,83.34625
7/14/2025 4:51:39 PM,86.15221,42.962276,70.55,83.504362598
7/14/2025 4:51:44 PM,86.15221,42.98043,70.55,83.27224
7/14/2025 4:51:49 PM,86.15221,42.91856,70.55,83.144272844
7/14/2025 4:51:54 PM,86.15221,42.982334,70.55,84.69182
7/14/2025 4:51:59 PM,86.15221,42.81867,70.55,81.815121968
7/14/2025 4:52:04 PM,86.15221,42.968186,70.55,81.38076
7/14/2025 4:52:09 PM,86.15221,42.78254,70.55,82.4673298744
7/14/2025 4:52:14 PM,86.083553834,42.750258,70.55,83.680214
7/14/2025 4:52:19 PM,85.975716,42.846138,70.55,83.2138147192
7/14/2025 4:52:24 PM,85.975716,42.73802,70.55,82.77133
7/14/2025 4:52:29 PM,85.975716,42.793212,70.55,82.220042344
7/14/2025 4:52:34 PM,85.975716,42.685664,70.55,82.74358
7/14/2025 4:52:39 PM,85.8839310144,42.62759,70.55,82.960431832
7/14/2025 4:52:44 PM,85.88259,42.740984,70.55,82.53712
7/14/2025 4:52:49 PM,85.88259,42.787836,70.55,82.31957749
7/14/2025 4:52:54 PM,85.88259,42.723856,70.55,83.21263
7/14/2025 4:52:59 PM,85.88259,42.571526,70.55,82.710148867
7/14/2025 4:53:04 PM,85.844406456,42.336178,70.55,82.914925
7/14/2025 4:53:09 PM,85.78305,42.493948,70.55,82.93367165
7/14/2025 4:53:14 PM,85.78305,42.473992,70.55,82.67955
7/14/2025 4:53:19 PM,85.78305,42.388,70.55,83.737496192
7/14/2025 4:53:24 PM,85.78305,42.200254,70.55,84.55537
7/14/2025 4:53:29 PM,85.78305,42.39354,70.55,83.75105474
7/14/2025 4:53:34 PM,85.78305,42.35024,70.55,82.93522
7/14/2025 4:53:39 PM,85.78305,42.32219,70.55,84.348308914
7/14/2025 4:53:44 PM,85.78305,42.270074,70.55,84.13499
7/14/2025 4:53:49 PM,85.78305,42.332078,70.55,83.313083592
7/14/2025 4:53:54 PM,85.78305,42.303472,70.55,82.48404
7/14/2025 4:53:59 PM,85.78305,42.538656,70.55,82.625460594
7/14/2025 4:54:04 PM,85.78305,42.539892,70.55,83.291855
7/14/2025 4:54:09 PM,85.78305,42.570228,70.55,84.138560555
7/14/2025 4:54:14 PM,85.78305,42.617732,70.55,83.11084
7/14/2025 4:54:19 PM,85.78305,42.487446,70.55,82.384068518
7/14/2025 4:54:24 PM,85.78305,42.69759,70.55,81.19928
7/14/2025 4:54:29 PM,85.6069560372,42.73623,70.55,81.870139374
7/14/2025 4:54:34 PM,85.469604,42.637896,70.55,82.130974
7/14/2025 4:54:39 PM,85.469604,42.619468,70.55,81.6661295716
7/14/2025 4:54:44 PM,85.469604,42.66536,70.55,82.55524
7/14/2025 4:54:49 PM,85.469604,42.809922,70.55,83.557646344
7/14/2025 4:54:54 PM,85.469604,42.665366,70.55,84.12298
7/14/2025 4:54:59 PM,85.469604,42.691208,70.55,82.2844791598
7/14/2025 4:55:04 PM,85.469604,42.624564,70.55,83.695015
7/14/2025 4:55:09 PM,85.469604,42.542044,70.55,82.859698119
7/14/2025 4:55:14 PM,85.469604,42.75174,70.55,82.690063884
7/14/2025 4:55:19 PM,85.469604,42.747344,70.55,83.20164636
7/14/2025 4:55:24 PM,85.469604,42.806916,70.55,83.4332500856
7/14/2025 4:55:29 PM,85.469604,42.88198,70.55,84.054519292
7/14/2025 4:55:34 PM,85.469604,42.75455,70.55,83.695246672
7/14/2025 4:55:39 PM,85.469604,42.736122,70.55,83.660170136
7/14/2025 4:55:44 PM,85.469604,42.696866,70.55,82.888257208
7/14/2025 4:55:49 PM,85.469604,42.714,70.55,82.5139262
7/14/2025 4:55:54 PM,85.469604,42.63214,70.55,83.0743122048
7/14/2025 4:55:59 PM,85.469604,42.569668,70.55,81.7256584064
7/14/2025 4:56:04 PM,85.469604,42.71894,70.55,82.76853881
7/14/2025 4:56:09 PM,85.469604,42.698858,70.55,84.217235411
7/14/2025 4:56:14 PM,85.469604,42.735076,70.55,83.855233211
7/14/2025 4:56:19 PM,85.469604,42.662178,70.55,84.533178498
7/14/2025 4:56:24 PM,85.469604,42.53625,70.55,83.144010042
7/14/2025 4:56:29 PM,85.4115860032,42.526786,70.55,82.071701321
7/14/2025 4:56:34 PM,85.07546,42.56867,70.55,82.863000838
7/14/2025 4:56:39 PM,85.07546,42.494144,70.55,82.759153868
7/14/2025 4:56:44 PM,85.07546,42.63195,70.55,83.164514974
7/14/2025 4:56:49 PM,85.07546,42.57269,70.55,83.4958982036
7/14/2025 4:56:54 PM,85.07546,42.654066,70.55,83.636195436
7/14/2025 4:56:59 PM,85.07546,42.508324,70.55,82.225746208
7/14/2025 4:57:04 PM,85.07546,42.508798,70.55,81.994085132
7/14/2025 4:57:09 PM,85.07546,42.593128,70.55,82.308314605
7/14/2025 4:57:14 PM,85.07546,42.48562,70.55,82.174255
7/14/2025 4:57:19 PM,85.07546,42.518732,70.55,83.338483568
7/14/2025 4:57:24 PM,85.07546,42.658512,70.55,82.15758
7/14/2025 4:57:29 PM,85.07546,42.565368,70.55,82.6885697366
7/14/2025 4:57:34 PM,85.07546,42.604568,70.55,82.643036
7/14/2025 4:57:39 PM,85.07546,42.587866,70.55,83.3585315024
7/14/2025 4:57:44 PM,85.07546,42.78932,70.55,82.2049
7/14/2025 4:57:49 PM,85.07546,42.80339,70.55,83.379991908
7/14/2025 4:57:54 PM,85.07546,42.869298,70.55,82.87964
7/14/2025 4:57:59 PM,85.07546,42.793986,70.55,82.582035006
7/14/2025 4:58:04 PM,85.07546,42.826266,70.55,83.190440656
7/14/2025 4:58:09 PM,85.07546,42.791928,70.55,83.92976098
7/14/2025 4:58:14 PM,85.07546,42.811986,70.55,82.733433298
7/14/2025 4:58:19 PM,85.07546,42.878948,70.55,82.691134552
7/14/2025 4:58:24 PM,85.07546,42.980952,70.55,82.168484548
7/14/2025 4:58:29 PM,85.07546,42.80206,70.55,82.147921735
7/14/2025 4:58:34 PM,85.07546,42.78785,70.55,82.7087181912
7/14/2025 4:58:39 PM,85.07546,42.797904,70.55,82.7076579304
7/14/2025 4:58:44 PM,85.07546,42.760748,70.55,83.679515168
7/14/2025 4:58:49 PM,85.07546,42.976536,70.55,83.49764384
7/14/2025 4:58:54 PM,85.07546,42.735852,70.55,82.461602072
7/14/2025 4:58:59 PM,85.07546,42.754992,70.55,82.548999356
7/14/2025 4:59:04 PM,85.07546,42.80201,70.55,83.1809287792
7/14/2025 4:59:09 PM,85.07546,42.784138,70.55,83.39705148
7/14/2025 4:59:14 PM,85.07546,42.708974,70.55,83.696468248
7/14/2025 4:59:19 PM,85.07546,42.675712,70.55,83.6132489536
7/14/2025 4:59:24 PM,85.07546,42.692184,70.55,83.0481037464
7/14/2025 4:59:29 PM,85.07546,42.657126,70.55,82.83116211
7/14/2025 4:59:34 PM,85.07546,42.74577,70.55,83.2989721696
7/14/2025 4:59:39 PM,85.07546,42.727188,70.55,83.8598773536
7/14/2025 4:59:44 PM,85.07546,42.630588,70.55,83.49853838
7/14/2025 4:59:49 PM,85.07546,42.825862,70.55,83.182855136
7/14/2025 4:59:54 PM,85.07546,42.879504,70.55,82.876537756
7/14/2025 4:59:59 PM,85.07546,42.683816,70.55,83.072096356
7/14/2025 5:00:04 PM,84.83595263,42.540428,70.55,83.6612554224
7/14/2025 5:00:09 PM,84.33211,42.633062,70.55,83.1110537248
7/14/2025 5:00:14 PM,84.33211,42.814808,70.55,83.278196995
7/14/2025 5:00:19 PM,84.33211,42.78487,70.55,83.680748592
7/14/2025 5:00:24 PM,84.33211,42.7742,70.55,82.5937253
7/14/2025 5:00:29 PM,84.33211,42.631312,70.55,82.4801821
7/14/2025 5:00:34 PM,84.33211,42.598284,70.55,82.54602607
7/14/2025 5:00:39 PM,84.33211,42.654132,70.55,83.48639142
7/14/2025 5:00:44 PM,84.33211,42.653086,70.55,82.113747944
7/14/2025 5:00:49 PM,84.33211,42.634438,70.55,82.447313792
7/14/2025 5:00:54 PM,84.33211,42.65929,70.55,82.532755568
7/14/2025 5:00:59 PM,84.33211,42.619368,70.55,83.368325968
7/14/2025 5:01:04 PM,84.33211,42.692768,70.55,82.6155152
7/14/2025 5:01:09 PM,84.33211,42.760692,70.55,82.436769334
7/14/2025 5:01:14 PM,84.257791256,42.80338,70.55,83.09058494
7/14/2025 5:01:19 PM,84.07334,42.86919,70.55,82.654288249
7/14/2025 5:01:24 PM,84.07334,42.868608,70.55,81.5659873724
7/14/2025 5:01:29 PM,84.07334,43.026664,70.55,82.9341802332
7/14/2025 5:01:34 PM,84.07334,43.137012,70.55,83.782106562
7/14/2025 5:01:39 PM,84.07334,42.974924,70.55,83.145685948
7/14/2025 5:01:44 PM,84.07334,42.954986,70.55,84.081917544
7/14/2025 5:01:49 PM,84.0000735984,43.0118,70.55,83.200482436
7/14/2025 5:01:54 PM,83.921524,42.992314,70.55,83.54529828
7/14/2025 5:01:59 PM,83.921524,42.883544,70.55,83.82981348
7/14/2025 5:02:04 PM,83.8510568332,42.98838,70.55,83.978711617
7/14/2025 5:02:09 PM,83.81823,42.899534,70.55,82.67068714
7/14/2025 5:02:14 PM,83.81823,42.856392,70.55,81.268299972
7/14/2025 5:02:19 PM,83.81823,42.822494,70.55,83.042428412
7/14/2025 5:02:24 PM,83.81823,42.976034,70.55,83.297601033
7/14/2025 5:02:29 PM,83.81823,43.017148,70.55,82.5585684
7/14/2025 5:02:34 PM,83.81823,42.904008,70.55,83.6200272832
7/14/2025 5:02:39 PM,83.81823,42.845676,70.55,83.141893618
7/14/2025 5:02:44 PM,83.81823,42.889876,70.55,83.0622388
7/14/2025 5:02:49 PM,83.81823,42.891062,70.55,82.883969644
7/14/2025 5:02:54 PM,83.785018668,42.83377,70.55,83.051896056
7/14/2025 5:02:59 PM,83.69842,42.888624,70.55,83.432759568
7/14/2025 5:03:04 PM,83.69842,42.7987,70.55,83.421126174
7/14/2025 5:03:09 PM,83.69842,42.79921,70.55,82.784262704
7/14/2025 5:03:14 PM,83.69842,42.780824,70.55,82.749191892
7/14/2025 5:03:19 PM,83.69842,42.760596,70.55,83.238135569
7/14/2025 5:03:24 PM,83.69842,42.782636,70.55,82.41030708
7/14/2025 5:03:29 PM,83.61350216,42.79485,70.55,83.33210146
7/14/2025 5:03:34 PM,83.60126,42.780658,70.55,83.090815615
7/14/2025 5:03:39 PM,83.60126,42.80507,70.55,82.962099914
7/14/2025 5:03:44 PM,83.60126,42.774962,70.55,83.2675751
7/14/2025 5:03:49 PM,83.60126,42.751056,70.55,83.555524082
7/14/2025 5:03:54 PM,83.60126,42.865148,70.55,83.2520484
7/14/2025 5:03:59 PM,83.521066544,42.94541,70.55,83.449357344
7/14/2025 5:04:04 PM,83.50902,42.878518,70.55,83.26200274
7/14/2025 5:04:09 PM,83.50902,42.941406,70.55,82.870822444
7/14/2025 5:04:14 PM,83.4926954624,43.020692,70.55,82.92836014
7/14/2025 5:04:19 PM,83.484604,42.992426,70.55,82.841482004
7/14/2025 5:04:24 PM,83.484604,43.126226,70.55,83.278877826
7/14/2025 5:04:29 PM,83.484604,43.004802,70.55,83.4189789216
7/14/2025 5:04:34 PM,83.484604,43.170944,70.55,82.8029812736
7/14/2025 5:04:39 PM,83.484604,43.09939,70.55,83.1875044436
7/14/2025 5:04:44 PM,83.484604,43.105678,70.55,82.399354208
7/14/2025 5:04:49 PM,83.484604,43.09991,70.55,83.61846138
7/14/2025 5:04:54 PM,83.484604,43.301056,70.55,83.520375738
7/14/2025 5:04:59 PM,83.484604,43.222748,70.55,82.701286668
7/14/2025 5:05:04 PM,83.484604,43.291,70.55,83.98099426
7/14/2025 5:05:09 PM,83.484604,43.38181,70.55,82.598128312
7/14/2025 5:05:14 PM,83.484604,43.165142,70.55,82.687275554
7/14/2025 5:05:19 PM,83.484604,43.20756,No Data,82.551456459
